C00001,NOE ESPERON HERNANDEZ,S00001,MEXICO,CIUDAD DE MEXICO,1,COYOACAN,1,SAN PABLO TEPETLAPA,1,NEZAHUALCOYOTL 10,0,6567053218,1,19158018428,1,noe_esperon@yahoo.com.mx,1,OEP335,20110101,NO_INFO,,,10,,20250102,,,20110101,1,,ESP,1,1,1,1,1,0
C00002,VERENICE CARVAJAL RANGEL,S00001,MEXICO,NUEVO LEON,1,SAN NICOLAS DE LOS GARZA,1,COL LAS PUENTES 9o SECTOR,1,,0,8112383004,1,8126553484,1,vere_carvajal@hotmail.com,1,ENC336,20111306,NO_INFO,,,10,,20250107,,,20111306,1,,ESP,1,1,1,1,1,0
C00003,NORMA LETICIA HERNANDEZ MACIAS,S00002,MEXICO,NUEVO LEON,1,SAN NICOLAS DE LOS GARZA,1,COL LAS PUENTES 2o SECTOR,1,CERRO DE MAMULIQUE 302,0,8112416783,1,,1,normahdz.vxm@gmail.com,1,OAL337,20121001,NO_INFO,,,10, ,20250102, , ,20121001,1,,ESP,1,1,1,1,1,0
C00005,ROSA MARIA BARRERA OAXACA,S00001,MEXICO,CIUDAD DE MEXICO,1,TLALPAN,1,JARDÍNES DEL AJUSCO,1,"CALLE TICUL 240 JARDÍNES DEL AJUSCO, MEX DF",0,5554072939,1,5556456877,1,rosimarbar@yahoo.com.mx,1,OXA319,20112308,NO_INFO,,,10, ,20160106, , ,20112308,1,,ESP,1,1,1,1,1,0
C00006,MARIA CONCEPCION BARRERA OAXACA,S00005,MEXICO,CHIHUAHUA,1,CHIHUAHUA,1,COL MIRADOR,1,CALLE TOKIO NO 1609 COL MIRADOR CHIH,0,6144105511,1,6142473768,1,mcbarrera1@hotmail.com,1,AAC314,20142704,NO_INFO,,,10,,20160106,,,20142704,1,,ESP,1,1,1,1,0,0
C00008,ANDREA DE LA PEÑA GARCIA,S00005,MEXICO,EDO. DE MEXICO ,1,NAUCALPAN/HUIXQUILUCAN,1,JARDINES DE LA FLORIDA/INTERLOMAS,1,"HORTENSIAS 21 JARDINES DE LA FLORIDA, NAUCALPAN, 53130 EDO DE MEXICO",0,5215555723048,1,445552979316,1,mapchirino@hotmail.com,1,NEX320,20140302,NO_INFO,1000,,10,,20180112,1000,,20140302,1,,ESP,1,1,1,1,0,0
C00009,LARIX SANCHEZ GARCIA,S00005,MEXICO,CHIHUAHUA,1,CD. JUAREZ,1,QUINTAS DEL VALLE,1,,0,6565586190,1,6562031249,1,larix.sanchez@gmail.com,1,AXS312,20142704,NO_INFO,,,10,,20160106,,,20142704,1,,ESP,1,1,1,1,0,0
C00051,VIANCA LILIAN CAZARES LOPEZ,S00008,MEXICO,EDO. DE MEXICO ,1,NAUCALPAN/ECHEGARAY/ELECTRA,1,COL. ECHEGARAY / COL. ELECTRA,1,"HACIENDA DE CARLOME 107. HACIENDA DE ECHEGARAY, NAUCALPAN",0,NO_INFO,0,445530454910,1,viancali@prodigy.net.mx,1,ICX326,20142909,NO_INFO,,,10,,20180112,1000,,20142909,1,,ESP,1,1,1,1,0,0
C00058,MARIANA CLIMENT PALMER,S00005,MEXICO,CIUDAD DE MEXICO,1,COYOACAN,1,COL ESPARTACO,1,CALLE 4 NO. 64,0,NO_INFO,1,5535235090,1,climent18@hotmail.com,1,05X329,20140702,NO_INFO, ,,10,,20190102,1000,,20140702,1,,ESP,1,1,1,1,0,0
C00060,ROCIO PELAEZ LOZANO,S00005,MEXICO,EDO. DE MEXICO ,1,ATIZAPAN DE ZARAGOZA,1,FRACC.  LAS ARBOLEDAS,1,"CALLE ANCERAS NO. 43  FRACC.  LAS ARBOLEDAS  ATIZAPAN DE ZARAGOZA, 52950 ESTADO DE MEXICO  ",0,445518094041,1,53784163,1,rocio.huitron@hotmail.com,1,OOP330,20140202,NO_INFO,,,10,,20180112,1000,,20140202,1,,ESP,1,1,1,1,0,0