I00871,ILEANA SEPULVEDA,760,USA,WASHINGTON,1,YELM,1,,1,"15543 10TH PL SE, YELM WASHINGTON 98597-8545",0,13604858436,1,,1,isepul7@gmail.com,1,LNX860,20172808,NO_INFO,,DRIVER LICENSE WASHINGTON # SEPULI*296QR,10,,20180111,,,20172808,1,,ESP,1,0,0,0,0,0
I00872,RADU MIHAI DELACROIX,760,USA,WASHINGTON,1,YELM,1,,1,"21731 PEISSNER RD SE, YELM WASHINGTON 98597-7950",0,13604858436,1,,1,radu.delacroix@gmail.com,1,AXI861,20172808,NO_INFO,,DRIVER LICENSE WASHINGTON # DELACERM321JK,10,,20180111,,,20172808,1,,ENG,1,0,0,0,0,0
I00874,WEBB MAURINE DORNETT,760,USA,WASHINGTON,1,RAINIER,1,,1,"12115 WINDTREE LN SE, RAINIER, WASHINGTON 98576-9333",0,13603393105,1,,1,reneewebb15@gmail.com,1,EXA862,20172808,NO_INFO,,DRIVER LICENSE WASHINGTON # WEBB*MD481O8,10,,20180111,,,20172808,1,,ENG,1,0,0,0,0,0
I00875,SHANNON JAMES PAULOS,760,USA,UTAH,1,SALT LAKE CITY,1,,1,"324 E 10TH AVE SUITE 172, SALT LAKE CITY, UTAH, 84103",0,18012013345,1,,1,shannonpaulos@hotmail.com,1,HNN863,20172808,NO_INFO,,DRIVER LICENSE UTAH # 005546069,10,,20180111,,,20172808,1,,ENG,1,0,0,0,0,0
I00876,SONYA EL DEBSSI,760,USA,WASHINGTON,1,YELM,1,,1,"10638 MILL RD SE, YELM WASHINGTON, 98597-9560",0,13605292656,1,,1,amaroush@gmail.com,1,OAE864,20172808,NO_INFO,,DRIVER LICENSE WASHINGTON # ELDEBS*248BC,10,,20180111,,,20172808,1,,ENG,1,0,0,0,0,0
I00877,ROSAMARIA DA SILVA MACHADO,760,USA,WASHINGTON,1,RAINIER,1,,1,"12115 WINDTREE LN SE, RAINIER, WASHINGTON, USA",0,13863142663,1,,1,machado1004@gmail.com,1,OMR865,20172808,NO_INFO,,CARTA DE CIUDADANO PORTUGAL # 31952497 3 ZZ3,10, ,20180111, , ,20172808,1,,ENG,1,0,0,0,0,0
I00878,MONICA ROJAS ROMERO,760,COL,CUNDINAMARCA,1,FINCA EL REFUGIO TABIO ,1,,1,"JUAICA SANTUARIO, FINCA EL REFUGIO TABIO CUNDINAMARCA",0,573108842281,1,,1,monyrr@gmail.com,1,OCX866,20172808,NO_INFO,,CEDULA DE CIUDADANIA REPUBLICA DE COLOMBIA # 39786,10,,20180111,,,20172808,1,,ESP,1,1,1,1,1,0
I00879,MILDRED A ZAMORANO PERRY,760,USA,WISCONSIN,1,PADDOCK LAKE,1,,1,"6407 240TH AVE, PADDOCK LAKE, WISCONSIN 53168",0,12624967700,1,,1,mil.zamorano@gmail.com,1,IRD867,20172808,NO_INFO,,DRIVER LICENSE WISCONSIN # Z565-6018-1902-02,10,,20180111,,,20172808,1,,ESP,1,1,1,1,1,0
I00880,MANUEL LAYSECA-TORRES,760,USA,WASHINGTON,1,YELM,1,,1,"20510 LONESOME LN SE, YELM WASHINGTON 98597-9354",0,13609996161,1,,1,manuel@layseca.com,1,AEX868,20172808,NO_INFO,,DRIVER LICENSE WASHINGTON # LAYSEM*425NZ,10,,20180111,,,20172808,1,,ESP,1,0,0,0,0,0
I00881,IRMA PIMENTEL-GONZALEZ,760,USA,WASHINGTON,1,YELM,1,,1,"20510 LONESOME LN SE, YELM WASHINGTON 98597-9354",0,13604853963,1,,1,irma@layseca.com,1,RXI869,20172808,NO_INFO,,DRIVER LICENSE WASHINGTON # PIMENIE382RU,10,,20180111,,,20172808,1,,ESP,1,0,0,0,0,0
I00882,SARA ELENA LAYSECA PIMENTEL,760,USA,WASHINGTON,1,YELM,1,,1,"20510 LONESOME LN SE, YELM WASHINGTON 98597-9354",0,13603390551,1,,1,saralayseca@gmail.com,1,AXL870,20172808,NO_INFO,,DRIVER LICENSE WASHINGTON # LAYSESE066QB,10,,20180111,,,20172808,1,,ESP,1,0,0,0,0,0
I00883,ENRIQUE EDUARDO PATIÑO LUNA,760,MEX,TLANEPANTLA DE BAZ,1,FRACC. JARDINES DE SANTA MONICA,1,,1,"CONVENTO DE ACTOPAN 70, FRACC. JARDINES DE SANTA MONICA, TLALNEPANTLA DE BAZ, MEXICO, CP 54050",0,5554089323,1,,1,sersanomexico@gmail.com,1,NQE871,20170409,NO_INFO,,"CREDENCIAL PARA VOTAR IFE, CLAVE: PTLNEN53070209H300",10, ,20180112, , ,20170409,1,,ESP,1,1,1,1,1,0
I00884,CONSUELO EDITH HERNANDEZ MARIN,760,MEX,MICHOACAN,1,MORELIA,1,FRACC. VILLAS DEL REAL,1,"JOAQUIN GARCIA GRANADOS 184, FRACC. VILLAS DEL REAL, MORELIA, MICHOACAN, CP 58116",0,4431111784,1,,1,mikuyoshitinoco@gmail.com,1,OUL872,20170409,NO_INFO,,"CREDENCIAL PARA VOTAR IFE, CLAVE: HRMRCN70060609M000",10,,20180112,,,20170409,1,,ESP,1,0,0,0,0,0
I00885,MARIA GUADALUPE ROMO GARCIA,760,MEX,JALISCO,1,ZAPOPAN,1,FRACC. VALLE REAL,1,"PASEO SAN LUIS 2161, FRACC. VALLE REAL, ZAPOPAN, JALISCO, CP 45019",0,3338463717,1,,1,romolupita032@gmail.com,1,AAG873,20170409,NO_INFO,,"CREDENCIAL PARA VOTAR INE, CLAVE: ROGG650103MDFMRD00",10,,20180112,,,20170409,1,,ESP,1,0,1,0,0,0
I00886,DANIELA CAL Y MAYOR MEYER,760,MEX,CIUDAD DE MEXICO,1,DEL. ALVARO OBREGON,1,COL. FLORIDA,1,"TECOYOTITLAN 188, CASA 6, COL. FLORIDA, DELEGACION ALVARO OBREGON, CD. DE MEXICO, CP 01030",0,5541418605,1,,1,dani_lu_94@hotmail.com,1,AEA874,20170409,NO_INFO,,"CREDENCIAL PARA VOTAR INE, CLAVE: CLMYDN94011309M400",10,,20180112,,,20170409,1,,ESP,1,0,0,0,0,0
I00887,MARIA EUGENIA ROMO GARCIA,760,MEX,EDO MEX,1,NEZAHUALCOYOTL,1,COL. BENITO JUAREZ,1,"VERGELITO 61 2, CAMA DE PIEDRA Y CHIMALHUACAN, BENITO JUAREZ, CP 56340, NEZAHUALCOYOTL",0,455537356926,1,,1,m12romog@gmail.com,1,AAE875,20170409,NO_INFO,,"CREDENCIAL PARA VOTAR IFE, CLAVE: RMGREG63101016M400",10,,20180112,,,20170409,1,,ESP,1,0,0,0,0,0
I00888,MARIA DEL ROSARIO CASAS ACOSTA,760,MEX,BAJA CALIFORNIA,1,TIJUANA,1,FRACC. LOS OLIVOS,1,"NEBULOSA # 13 FRACC. LOS OLIVOS, TIJUANA, BAJA CALIFORNIA, CP 22115",0,6644307827,1,,1,rosariocasase63@gmail.com,1,AAD876,20170409,NO_INFO,,"CREDENCIAL PARA VOTAR IFE, CLAVE: CSACRS70100325M100",10,,20180112,,,20170409,1,,ESP,1,1,0,0,0,0
I00889,FRANCISCO JAVIER BUENO GARCIA,760,MEX,GUANAJUATO,1,LEON,1,COL. COLINAS DEL CARMEN,1,"CALLE DEL SERENO 302, COL. COLINAS DEL CARMEN, LEON, GUANAJUATO, CP 37530",0,47744441633,1,,1,fjb18705@outlook.com,1,RCS877,20170409,NO_INFO,,"CREDENCIAL PARA VOTAR IFE, CLAVE: BNGRFR70051811H001",10, ,20180112, , ,20170409,1,,ESP,1,0,1,0,0,0
I00890,GERALDO EDUARDO MORENO PADILLA,760,MEX,CIUDAD DE MEXICO,1,NAUCALPAN DE JUAREZ,1,COL. CIUDAD SATELITE,1,"RET 5TO DE MARTIN SERRANO 44, COL. CIUDAD SATELITE, NAUCALPAN DE JUAREZ, CP 53100",0,5591980909,1,,1,eduardo@sanandotualma.com,1,ELO878,20170409,NO_INFO,,"CREDENCIAL PARA VOTAR IFE, CLAVE: MRPDGR71030609H000",10,,20180112,,,20170409,1,,ESP,1,0,1,0,0,0
I00891,TANIA TREJO OROZCO,760,MEX,CIUDAD DE MEXICO,1,MIGUEL HIDALGO,1,COL. ANAHUAC,1,"LAGO MASK 143 201, COL. ANAHUAC, MIGUEL HIDALGO, CDMX, CP 11320",0,5526696795,1,,1,tania_trejo2003@hotmail.com,1,AAT879,20170409,NO_INFO,,"CREDENCIAL PARA VOTAR INE, CLAVE: TORTN76020909M200",10,,20180112,,,20170409,1,,ESP,1,0,1,0,0,0
I00892,ANA SOFIA HERNANDEZ HERNANDEZ,760,MEX,JALISCO,1,ARANDAS,1,COL. CENTRO ,1,"REFORMA 79, COL. CENTRO, ARANDAS, JALISCO, CP 47180",0,3481098802,1,,1,pscsofiahh2481@gmail.com,1,NSF880,20170409,NO_INFO,,"CREDENCIAL PARA VOTAR IFE, CLAVE: HRHRAN90062414M500",10,,20180112,,,20170409,1,,ESP,1,0,1,0,0,0
I00893,HECTOR MANUEL GUILLEN PALLARES,760,MEX,BAJA CALIFORNIA,1,ENSENADA,1,COL. EXEJIDO CHAPULTEPEC,1,"AVE CHAPULTEPEC 140, COL. EXEJIDO CHAPULTEPEC, ENSENADA, BAJA CALIFORNIA, CP 22785",0,6461279730,1,6462057858,1,guillenh47@hotmail.com,1,EOX881,20170409,NO_INFO,,"CREDENCIAL PARA VOTAR IFE, CLAVE: GLPLHC47050702H900",10,,20180112,,,20170409,1,,ESP,1,0,1,1,0,0
I00894,GLORIA BERTHA PEREZ OCAMPO,760,MEX,GUANAJUATO,1,LEON,1,COL. SAN ISIDRO,1,"PASEO DE LOS COLIBRIES 805, COL. SAN ISIDRO, LEON, GUANAJUATO, C.P. 37530",0,4771730301,1,,1,betty.cepob@hotmail.com,1,LIX882,20170409,NO_INFO,,"CREDENCIAL PARA VOTAR IFE, CLAVE: PROCGL53103116M501",10,,20180112,,,20170409,1,,ESP,1,1,1,0,0,0
I00895,MARGOTH DEL PILAR VIVEROS BURGOS,760,COL,PASTO,1,PARQUE DE BAVIERA,1,,1,"CL 22 1A 55 CS 10 - C PARQUE DE BAVIERA, PASTO, REPUBLICA DE COLOMBIA",0,573108323211,1,,1,margothvibu@gmail.com,1,AOH883,20170409,NO_INFO,,CEDULA DE CIUDADANIA REPUBLICA DE COLOMBIA # 59825205,10, ,20180112, , ,20170409,1,,ESP,1,0,0,0,0,0
I00896,YAZMIN ALICIA CALDERON ILLESCAS,760,MEX,CIUDAD DE MEXICO,1,DEL. ALVARO OBREGON,1,COL. GUADALUPE INN ,1,"SILVESTRE REVUELTAS 19B, COL. GUADALUPE INN, DEL. ALVARO OBREGON, CIUDAD DE MEXICO, C.P. 01020",0,5574961814,1,,1,calderonillescas@gmail.com,1,AIX884,20170409,NO_INFO,,"CREDENCIAL PARA VOTAR INE, CLAVE: CLILYZ78042009M500",10,,20180112,,,20170409,1,,ESP,1,0,0,1,0,0
I00897,EDGAR IREPAN RANGEL PEREZ,760,MEX,CIUDAD DE MEXICO,1,AZCAPOTZALCO,1,COL. PRO HOGAR,1,"CALLE 17 33, 5 COL. PRO HOGAR, AZCAPOTZALCO, D.F., CP 02600",0,3320681144,1,,1,rangel_e@hotmail.com,1,DRI885,20170409,NO_INFO,,"CREDENCIAL PARA VOTAR INE, CLAVE: RNPRED77041207H700",10,,20180112,,,20170409,1,,ESP,1,1,1,1,0,0
I00898,CLAUDIA MALIBE ROMO HIDALGO,760,MEX,BAJA CALIFORNIA,1,TIJUANA,1,RESIDENCIAL COSTA CORONADO,1,"COSTA BRIATICO 1132, RESIDENCIAL COSTA CORONADO, TIJUANA, BAJA CALIFORNIA, CP 22516",0,6642082865,1,6199723165,1,cmrh1967@hotmail.com,1,LDA886,20170409,NO_INFO,,"CREDENCIAL PARA VOTAR INE, CLAVE: RMHDCL67102409M301",10,,20180112,,,20170409,1,,ESP,1,1,1,1,0,0
I00899,MARIA ELENA MONTES DE OCA TORRES,760,MEX,QUERETARO,1,QUERETARO,1,COL. LAS TERESAS,1,"XAJAY 114, LAS TERESAS, CO. LAS TERESAS, QUERETARO, QRO, CP 76138",0,4424404080,1,,1,elen2908@hotmail.com,1,AAE887,20170409,NO_INFO,,"CREDENCIAL PARA VOTAR INE, CLAVE: MNTREL67082909M301",10,,20180112,,,20170409,1,,ESP,1,0,0,0,0,0
I00900,MICHAL LEA BEN ZAQUEN,760,MEX,EDO MEX,1,NEUCALPAN DE JUAREZ,1,LOMAS DE TECAMACHALCO,1,"FUENTE DE CERVANTES 18, LOMAS DE TECAMACHALCO, NEUCALPAN DE JUAREZ, EM, CP 53950",0,5535277989,1,,1,mheskelb@gmail.com,1,IAX888,20170409,NO_INFO,,PASAPORTE DEL ESTADO ISRAELI # 20251381,10,,20180112,,,20170409,1,,ESP,1,0,0,1,0,0
I00901,ALEJANDRO CASTANEDA GOMEZ,760,USA,VIRGINIA,1,WOODBRIDGE,1,,1,"3011 ARBOR CT, WOODBRIDGE, VIRGINIA, ESTADOS UNIDOS DE AMERICA, 22193-1108",0,5567782698,1,,1,xeicast@yahoo.com,1,LAD889,20170409,NO_INFO,,"LICENCIA DE CONDUCIR DE VIRGINIA, ESTADOS UNIDOS DE AMERICA# T66149025",10, ,20180112, , ,20170409,1,,ESP,1,0,1,1,0,0
I00902,MARIBEL SORIANO,760,USA,NEVADA,1,LAS VEGAS,1,,1,"8660 GILES ST, LAS VEGAS, NEVADA 89123-1610",0,17024261400,1,,1,maribelso702@hotmail.com,1,ABL890,20170409,NO_INFO,,"LICENCIA DE CONDUCIR DE NEVADA, ESTADOS UNIDOS DE AMERICA# 2000240197",10,,20180112,,,20170409,1,,ESP,1,1,1,1,1,0
I00903,VICTOR ALEJANDRO SORIANO,760,USA,NEVADA,1,LAS VEGAS,1,,1,"8660 GILES ST, LAS VEGAS, NEVADA 89123-1610",0,17024261400,1,,1,vasoriano702@hotmail.com,1,IOX891,20170409,NO_INFO,,"LICENCIA DE CONDUCIR DE NEVADA, ESTADOS UNIDOS DE AMERICA# 1700820657",10,,20180112,,,20170409,1,,ESP,1,1,1,1,1,0
I00904,JOSE GERARDO LUNA AYALA,760,MEX,MICHOACAN,1,URUAPAN,1,"GRANJAS DE BELLAVISTA, ",1,"NATACION 333, M_13 L_274. GRANJAS DE BELLAVISTA, URUAPAN, MICHOACAN, CP 60110",0,4525255962,1,,1,lunagerardo@hotmail.com,1,OXE892,20170409,NO_INFO,,"CREDENCIAL PARA VOTAR IFE, CLAVE: LNAYGR54022016H300",10,,20180112,,,20170409,1,,ESP,1,1,1,1,1,0
I00905,BEATRIZ AUXILIADORA ARRIOLA SANCHEZ ,760,MEX,GUADALAJARA,1,ZAPOPAN,1,,1,"QUETZALCOATL 2190, CD DEL SOL, ZAPOPAN, GUADALAJARA, CP 45050",0,3312661906,1,,1,beatriz_arriola@hotmail.com,1,ERZ893,20170409,NO_INFO,,"CREDENCIAL PARA VOTAR INE, CLAVE: ARSNBT60081714M300",10,,20180112,,,20170409,1,,ESP,1,1,1,1,1,0
I00906,CLAUDIA MARITZA VILLAFAÑA MORAN,760,MEX,JALISCO,1,GUADALAJARA,1,COL. ATLAS,1,"RIO ATOTONILCO 1247, COL. ATLAS, GUADALAJARA, JAL. CP 44870",0,3338414105,1,,1,claudia.villafana.m@gmail.com,1,LDA894,20170409,NO_INFO,,"CREDENCIAL PARA VOTAR IFE, CLAVE: VLMRCL65050909M801",10,,20180112,,,20170409,1,,ESP,1,1,0,1,0,0
I00907,LUZ MARIA DOZAL ROJO,908,MEX,CHIHUAHUA,1,CD. JUAREZ,1,INFONAVIT CASAS GRANDES,1,"GERARDO DIEGO 6329, INFONAVIT CASAS GRANDES, CIUDAD JUAREZ, CHIHUAHUA, CP 32600",0,6564074742,1,,1,luzdozal@gmail.com,1,UMR895,20170409,NO_INFO,,"CREDENCIAL PARA VOTAR INE, CLAVE: DZRJLZ70082508M000",10, ,20180112, , ,20170409,1,,ESP,1,0,0,0,0,0
I00908,ALEJANDRA RAMIREZ BUENDIA GRAJALES ,905,MEX,YUCATAN,1,MÉRIDA ,1,COL. GUADALUPE CHOLUL,1,"CALLE 6A NÚM.76E  ENTRE 21A Y 21B, COL. GUADALUPE CHOLUL, MERIDA, YUCATAN C.P. 97305",0,5219994123706,1,,1,escama_1027@hotmail.com,1,LAD896,20171510,NO_INFO,,CREDENCIAL PARA VOTAR INE CLAVE: RAGA501027MDFMRL03,10,,20180112,,,20171510,1,,ESP,1,0,0,0,0,0
I00909,TANIA SANDOVAL RAMIREZ BUENDIA ,905,MEX,YUCATAN,1,MÉRIDA ,1,"COL.  CLUB DE GOLF LA CEIBA, MERIDA, YUCATAN, C.P. 97302",1,"CALLE MARAÑÓN 42 ESQ ANONA, COL.  CLUB DE GOLF LA CEIBA, MERIDA, YUCATAN, C.P. 97302",0,5219994451779,1,529999220038,1,textanbuendia@icloud.com,1,AAS897,20171510,NO_INFO,,CREDENCIAL PARA VOTAR IFE CLAVE: SNRMTN76011009M601,10,,20180112,,,20171510,1,,ESP,1,0,0,0,0,0
I00910,PAULA JIMENEZ ARELLANO,905,USA,BLOOMINGTON,1,C.P. 61704-8412,1,,1,"PRIVADA DE CHIMALISTAC 42, EDIFICIO B, DEPT. 504, COL. BARRIO OXTOPULCO UNIVERSIDAD, DEL. COYOACÁN, CDMX, C.P. 04310",0,525551445362,1,525556611469,1,pjimenez_890@hotmail.com,1,AAJ898,20171510,NO_INFO,,CREDENCIAL PARA VOTAR INE CLAVE: JMARPL82100709M500,10,,20180112,,,20171510,1,,ESP,1,0,0,0,0,0
I00911,RUTH AMANDA RAMIREZ REYES ,905,MEX,CIUDAD DE MEXICO,1,"DEL. COYOACÁN, C.P. 04420",1,COL. CTM CULHUACÁN ,1,"CALZADA DE LA VÍRGEN 1170 UHLVI CONDO 11 103 I, COL CTM CULHUACAN, DEL. COYOACAN, CIUDAD DE MEXICO. CP 04420",0,525538791414,1,525555804729,1,gatitosfeliz08@gmail.com,1,UXM899,20171510,NO_INFO,,CREDENCIAL PARA VOTAR IFE CLAVE:RARR800208MGRMYT06,10,,20180112,,,20171510,1,,ESP,1,0,0,0,0,0
I00912,JACQUELINE L MENDEZ RODRIGUEZ,760,USA,CALIFORNIA,1,INGLEWOOD,1,90304,1,"4330 W 106TH ST APT A INGLEWOOD, CA 90304",0,14243857880,1,,1,jackielmendez@gmail.com,1,AUL900,20172509,NO_INFO,,LICENCIA DE MANEJO DE CALIFORNIA E2768522,10,,20180112,,,20172509,1,,ESP,1,0,1,0,0,0
I00913,MARTHA URIBE,760,USA,CALIFORNIA,1,SACRAMENTO,1,95833,1,"2745 BRIDGEFORD DR, SACRAMENTO, CALIFORNIA 95833",0,19163759639,1,,1,u.martha@yahoo.com,1,AHX901,20172509,NO_INFO,,LICENCIA DE MANEJO DE CALIFORNIA U6030527,10, ,20180112, , ,20172509,1,,ESP,1,0,0,0,0,0
I00914,ARCADIO ZUNIGA,760,USA,CALIFORNIA,1,LYNWOOD,1,90262,1,"3543 PLATT AVE LYNWOOD, CALIFORNIA 90262",0,13102136411,1,,1,azplumbing1996@gmail.com,1,RDO902,20172509,NO_INFO,,LICENCIA DE MANEJO DE CALIFORNIA B5133082,10,,20180112,,,20172509,1,,ESP,1,0,0,0,0,0
I00915,GELBA PULIDO CALDERON,760,USA,CALIFORNIA,1,NO_INFO,1,94591,1,"1150 FULTON AVE VALLEJO, CALIFORNIA 94591",0,17076556950,1,,1,gelbaps@gmail.com,1,EAP903,20172509,NO_INFO,,LICENCIA DE MANEJO DE CALIFORNIA F8527918,10,,20180112,,,20172509,1,,ESP,1,0,0,0,0,0
I00916,MARTINA RAQUEL ZAMORA,760,USA,CALIFORNIA,1,CITY INDUSTRY,1,91745,1,"15378 PROCTOR AVE, CITY INDUSTRY, CALIFORNIA 91745",0,16265231676,1,,1,martinarortegamarazaye@yahoo.com,1,AIA904,20172509,NO_INFO,,PASAPORTE AMERICANO 422226623,10,,20180112,,,20172509,1,,ESP,1,0,1,0,0,0
I00917,IDALIA PINTO RAMIREZ BUENDIA,909,MEX,TOLUCA,1,TLAPALTITLAN,1,COL. SANTA ANA ,1,"INDEPENDENCIA 273 CASA 1, COL. SANTA ANA TLAPALTITLAN, TOLUCA, MEXICO  CP 50160",0,72277644147,1,,1,perritou@hotmail.com,1,DIX905,20170710,NO_INFO,,CREDENCIAL PARA VOTAR IFE CLAVE:PNRMID73111409M800,10,,20180112,,,20170710,1,,ESP,1,0,0,0,0,0
I00918,JESUS MONROY MONTOYA,909,MEX,CIUDAD DE MEXICO,1,TLANEPANTLA DE BAZ,1,COL. SAN JOSE PUENTE DE VIGAS,1,"AVENIDA ARMAS #1 COL. SAN JOSE PUENTE DE VIGAS,  TLANEPANTLA DE BAZ, MEXICO, CP 54090",0,5515630187,1,,1,jmm.unam18@gmail.com,1,ESM906,20170710,NO_INFO,,CREDENCIAL PARA VOTAR INE CLAVE:MNMNJS92071909H400,10,,20180112,,,20170710,1,,ESP,1,0,0,0,0,0
I00919,MARIA ESTHER GARCIA MIRANDA,760,ESP,ALICANTE,1,SAN ANTONIO,1,CALPE 03710,1,"PTDA. MANZNERA 0009 006 01, SAN ANTONIO, CALPE 03710, ALICANTE, ESPAÑA",0,34649358615,1,,1,pecotk123@yahoo.es,1,AAE907,20171610,NO_INFO,,DOCUMENTO NACIONAL DE IDENTIDAD DE ESPAÑA 00821580C,10, ,20180112, , ,20171610,1,,ESP,1,0,1,1,0,0
I00920,ALEJANDRO SOLERA GARCIA,760,ESP,ALICANTE,1,SAN ANTONIO,1,CALPE 03710,1,"PTDA. MANZNERA 0009 006 01, SAN ANTONIO, CALPE 03710, ALICANTE, ESPAÑA",0,34626703121,1,,1,perfectavacuidad7@gmail.com,1,LAD908,20171610,NO_INFO,,DOCUMENTO NACIONAL DE IDENTIDAD DE ESPAÑA 25129164P,10,,20180112,,,20171610,1,,ESP,1,0,1,1,0,0
I00921,CAROLINA MARTIN GAITAN,760,ESP,MADRID,1, ALCORCON,1,CP 28922,1,"FUENTE CISNEROS 1, 5B, ALCORCON, MADRID, ESPAÑA CP 28922",0,34622767453,1,,1,cmartingaitan@yahoo.es,1,ALN909,20172310,NO_INFO,,DOCUMENTO NACIONAL DE IDENTIDAD DE ESPAÑA 53103570C,10,,20180112,,,20172310,1,,ESP,1,0,1,1,0,0
