I01021,MARIA BLANCA ESTELA GONZALEZ CONTRERAS,760,MEX,JALISCO,1,GUADALAJARA,1,COL. SAN RAFAEL,1,"MANUEL PORTILLO 336, COL. SAN RAFAEL, GUADALAJARA, JALISCO, MEXICO, CP 44810",0,3312704200,1,,1,kaminoki8@gmail.com,1,AAB1011,20180402,"Guadalajara, Jalisco, México",,CREDENCIAL PARA VOTAR IFE CLAVE GNCNBL55050414M000,8,20180109,20190104,,,,1,,ESP,1,0,0,0,0,0
I01022,MARIA INMACULADA CALDERON CIRIZA ,760,USA,NEW YORK,1,MAMARONECK,1,,1,"628 WOOD ST, MAMARONECK, NEW YORK, ESTADOS UNIDOS, CP 10543",0,15626588617,1,,1,inmacaci@hotmail.com,1,AAI1012,20180402,"Guadalajara, Jalisco, México",,PASAPORTE DE ESPAÑA No XDA451908,8,20180109,20190104,,,,1,,ESP,1,0,0,0,0,0
I01023,MARTHA CECILIA ALVAREZ,760,USA,CALIFORNIA,1,LONG BEACH ,1,,1,"3321 E 15TH ST, LONG BEACH, CALIFORNIA, ESTADOS UNIDOS, CP 90804",0,15626588617,1,,1,martha225us@yahoo.com,1,AHX1013,20180402,"Guadalajara, Jalisco, México",,LICENCIA DE CONDUCIR DE CALIFORNIA A7961991,8,20180109,20190104,,,,1,,ESP,1,0,1,1,0,0
I01024,ROSALBA LAGO,760,CHE,ZURICH,1,"8910 AFFOLTERN AM ALBIS, SURICH",1,,1,"ALTE HEDINGERSTRASSE 21, 8910 AFFOLTERN AM ALBIS, SURICH, SUIZA",0,41764708910,1,,1,sabrina@abstraction-systems.com,1,OLA1014,20180402,"Guadalajara, Jalisco, México",,PASAPORTE DE SUIZA No X2735397,8,20180109,20190104,,,,1,,ESP,1,0,1,0,0,0
I01025,HIMELDA ALVAREZ CASTELLANOS,760,MEX,JALISCO,1,GUADALAJARA,1,"C OROZCO, ROJAS LADRON DE GUEVARA",1,"REFORMA 1288, C OROZCO, ROJAS LADRON DE GUEVARA, GUADALAJARA, JALISCO, MEXICO, CP 44650",0,3312705493,1,,1,hime1906@hotmail.com,1,ILA1015,20180402,"Guadalajara, Jalisco, México",,CREDENCIAL PARA VOTAR INE CLAVE ALCSHM67061914M000,8,20180109,20190104, , ,,1,,ESP,1,0,1,1,0,0
I01026,JULIO DE JESUS GUERRA MORENO,760,MEX,JALISCO,1,ZAPOPAN,1,COL. PINAR DE LA CALMA,1,"SIERRA DE BOLAÑOS 1967, COL. PINAR DE LA CALMA, ZAPOPAN JALISCO, MEXICO, CP 45080",0,3335843335,1,,1,julio.guerra@compromisohumano.com,1,UOD1016,20180402,"Guadalajara, Jalisco, México",,CREDENCIAL PARA VOTAR IFE CLAVE GRMRJL74121517H800,8,20180109,20190104,,,,1,,ESP,1,0,0,0,0,0
I01027,APOLINAR GARCIA RODRIGUEZ,760,MEX,BAJA CALIFORNIA,1,TIJUANA,1,FRACC. URBIQUINTA DEL CEDRO,1,"PRIV. KUSAMAKI 10802-19, FRACC. URBIQUINTA DEL CEDRO, TIJUANA, BAJA CALIFORNIA, MEXICO, CP 22564",0,6643757301,1,,1,garoda2001@hotmail.com,1,PIA1017,20180402,"Guadalajara, Jalisco, México",,CREDENCIAL PARA VOTAR IFE CLAVE GRRDAP66032702H600,8,20180109,20190104,,,,1,,ESP,1,0,0,0,0,0
I01028,MARTIN DIAZ GARCIA,905,MEX,JALISCO,1,ZAPOPAN,1,COL. LOMAS DE SAN GONZALO II,1,"CALLE SAN MARCOS #47, COND. SAN GERARDO INT. 12, LOMAS DE SAN GONZALO II, ZAPOPAN, JALISCO, MEXICO, CP 45134",0,3339047292,1,3336242760,1,martindz7@gmail.com,1,AIX1018,20180602,"Ciudad de México, México",,CREDENCIAL PARA VOTAR IFE CLAVE DZGRMR63071009H000,10,,20190104,,,20180602,1,,ESP,1,0,0,0,0,0
I01029,ANA CRISTINA SOLER MONTESINOS,905,MEX,CIUDAD DE MEXICO,1,BENITO JUAREZ,1,COL. NAPOLES,1,"CALLE CHICAGO 162 TORRE C, INT.301, COL. NAPOLES, DEL. BENITO JUAREZ, CIUDAD DE MEXICO, CP 03810",0,5536599977,1,,1,acsolerm@gmail.com,1,NCI1019,20180602,"Ciudad de México, México",,CREDENCIAL PARA VOTAR IFE CLAVE SLMNAN47091409M300,10,,20190104,,,20180602,1,,ESP,1,0,0,0,0,0
I01030,KALEV A. JAASON,905,CAN,Guelph,1,Provincia de Ontario,1,RR5,1,"5522 SILVERCREEK PKWY N., RRS, PROVINCIA DE ONTARIO, N1H 6J2, GUELPH, CANADA",0,9548376647,1,,1,messengerkal@hotmail.com,1,AVA1020,20180602,"Ciudad de México, México",,PASAPORTE DE CANADA AA341886,10,,20190104,,,20180602,1,,ESP,1,0,0,0,0,0
I01031,JOANA NAVARRO FUENTES,905,ESP,BARCELONA,1,Plegamans I CP 08184,1,Palau - Solita ,1,"CALLE SANT PERE 31, PALAU-SOLITA I, PLEGAMANS, BARCELONA, ESPAÑA, CP 08184",0,34626313912,1,34935155274,1,joanavarro33@hotmail.com,1,OAN1021,20180602,"Ciudad de México, México",,DOCUMENTO NACIONAL DE IDENTIDAD DE ESPAÑA DNI 52390350F,10, ,20190104, , ,20180602,1,,ESP,1,0,1,0,0,0
I01032,ROSANA CAROLINA DIAZ GONZALEZ,760,MEX,JALISCO,1,ZAPOPAN,1,LAS FUENTES   ,1,"CIRCUNVALACION SUR 46, LAS FUENTES, LAS FUENTES, ZAPOPAN, JALISCO, MEXICO, CP 45030",0, NO_INFO ,1,,1,NO_INFO,1,ONX1022,20180402,"Guadalajara, Jalisco, México",,PASAPORTE DE VENEZUELA 129761916,8,20180109,20190104,,,,1,,ESP,1,0,0,0,0,0
I01033,NIDIA LLANET CARENA RIVERA PIÑA,905,MEX,EDO MEX,1,TLANEPANTLA DE BAZ,1,COL. LOMAS TLALNEPANTLA,1,"AVE. GUSTAVO BAZ 1015-63. COL. LOMA TLALNEPANTLA, ESTADO DE MEXICO, MEXICO, CP 54060",0,5530287876,1,5553650352,1,lancazar@hotmail.com,1,IAL1023,20180602,"Ciudad de México, México",,CREDENCIAL PARA VOTAR IFE CLAVE RVPIND68061209M500,10,,20190104,,,20180602,1,,ESP,1,0,0,0,0,0
I01034,KARLA DANIELLA ARAUJO VILLAFUERTE,760,USA,ILLINOIS,1,BLOOMINGTON,1,,1,"2604 BLARNEY STONE LN, BLOOMINGTON, ILLINOIS, 61704, ESTADOS UNIDOS DE AMERICA",0,15712831424,1,,1,dany_araujo9@hotmail.com,1,AAD1024,20182502,"Ciudad de México, México",,PASAPORTE MEXICANO G21495603,8,20180109,20190104,,,,1,,ESP,1,0,0,0,0,0
I01035,IRMA ALONDRA HERMOSO DIAZ,760,CAN,ONTARIO,1,TORONTO,1,,1,"171 HURON ST N/A HOUSE, TORONTO, ONTARIO, CANADA, M5T2B6",0,7773744634,1,,1,i.a.hermoso.d@gmail.com,1,RXL1025,20182502,"Ciudad de México, México",,PASAPORTE MEXICANO G16987695,8,20180109,20190104,,,,1,,ESP,1,0,0,0,0,0
I01036,CUAUHTEMOC VELASCO DE LA PUENTE,760,MEX,MORELOS,1,CUERNAVACA,1,REFORMA NORTE,1,"BONITA 4 CS A SELVA, REFORMA NORTE, CUERNAVACA, MORELOS, MEXICO. CP 62260",0,7775235027,1,,1,duracara@live.com,1,UHE1026,20182502,"Ciudad de México, México",,CREDENCIAL PARA VOTAR INE CLAVE VLPNCH40010312H200,40,,20180106,,,20182502,0,,ESP,1,1,0,0,0,0
I01037,ANA MARIA CAÑEDO CHAVEZ,760,MEX,CAMPECHE,1,CIUDAD DEL CARMEN,1,RESIDENCIAL BUGAMBILIAS,1,"DURAZNO MZA 10 LT 6, FRACC. RESIDENCIAL BUGAMBILIAS, CIUDAD DEL CARMEN, CAMPECHE, MEXICO, CP 24158",0,9384017185,1,9381047113,1,anacanedo.09@gmail.com,1,NMR1027,20182502,"Ciudad de México, México",,CREDENCIAL PARA VOTAR IFE CLAVE CDCHAN61061687M200,8,20180109,20190104, , ,,1,,ESP,1,1,1,1,0,0
I01038,CESAR BRIGIDO PICAZO RODRIGUEZ,760,MEX,HIDALGO,1,TULANCINGO DE BRAVO,1,UNIDAD HABITACIONAL NAPATECO,1,"CALLE 19 122, UNIDAD HABITACIONAL NAPATECO, TULANCINGO DE BRAVO, HIDALGO, MEXICO, CP 43629",0,7751094098,1,7757524302,1,picazo08@hotmail.com,1,ERB1028,20182502,"Ciudad de México, México",,CREDENCIAL PARA VOTAR IFE CLAVE PCRDC69100809H400,8,20180109,20190104,,,,1,,ESP,1,1,1,1,0,0
I01039,GRISELDA ROMINA EMMERICH BOUZIGUES,760,MEX,CIUDAD DE MEXICO,1,BENITO JUAREZ,1,COL. CIUDAD DE LOS DEPORTES,1,"AUGUSTO RODIN 169 116, COL. CIUDAD DE LOS DEPORTES, BENITO JUAREZ, CIUDAD DE MEXICO, CP 03710",0,5523266451,1,,1,gemmerich@yahoo.com,1,RED1029,20182502,"Ciudad de México, México",,CREDENCIAL PARA VOTAR IFE CLAVE EMBZGR79070409M500,8,20180109,20190104,,,,1,,ESP,1,0,0,0,0,0
I01040,LUCIA AZUCENA MENDIETA RUEDA DE LEON,760,MEX,QUERÉTARO ,1,QUERETARO,1,EL REFUGIO,1,"AV. EURIPIDES 1635 37, COND. SANTORINI 1, EL REFUGIO, QUERETARO, QUERETARO, MEXICO, CP 76146",0,5559977751,1,,1,luazumen@gmail.com,1,UAA1030,20182502,"Ciudad de México, México",,CREDENCIAL PARA VOTAR INE CLAVE MNRDLC77121309M000,8,20180109,20190104,,,,1,,ESP,1,0,0,0,0,0
I01041,ERICKA CASTILLO PIÑA,760,MEX,EDO MEX,1,NAUCALPAN DE JUAREZ,1,FRACC. HACIENDAS DE ECHEGARAY,1,"HACIENDA DE PRESILLAS 323, FRACC. HACIENDA DE ECHEGARAY, NAUCALPAN DE JUAREZ, ESTADO DE MEXICO, MEXICO, CP 53340",0,5530169490,1,12097400,1,myc.bienestarsocial@gmail.com,1,RKX1031,20182502,"Ciudad de México, México",,CREDENCIAL PARA VOTAR IFE CLAVE CSPIER72070409M100,8,20180109,20190104,,,,1,,ESP,1,1,0,0,0,0
I01042,AKETZALLI ELENA GOMEZ DE LEON,760,MEX,CIUDAD DE MEXICO,1,NO_INFO,1,ANGEL ZIMBRON,1,"JOSE F. GUTIERREZ 154 32, ANGEL ZIMBRON, CIUDAD DE MEXICO, MEXICO, CP 02099",0,5514854734,1,,1,zalli_8490@hotmail.com,1,KZL1032,20182502,"Ciudad de México, México",,PASAPORTE MEXICANO G17115952,8,20180109,20190104,,,,1,,ESP,1,0,0,0,0,0
I01043,LILIAN NORAIDA DÖRIG,760,CHE,8913 OTTENBACH,1,NO_INFO,1,,1,"UNITERER LATTEN 7, 8913 OTTENBACH, SUIZA.",0,41798596393,1,,1,lilian.doerig@enbeme.ch,1,IAX1033,20182502,"Ciudad de México, México",,PASAPORTE DE SUIZA No X0304260,8,20180109,20190104, , ,,1,,ESP,1,0,0,0,0,0
I01044,AMELIS FELICIDAD SIERRA COLON,760,MEX,QUERETARO,1,QUERETARO,1,LA PRADERA,1,"COND. ANTALIA MZ 57, PASEO DE LA PITAHAYAS 34, LA PRADERA, QUERETARO, QUERETARO, MEXICO, CP 76269",0,5560858247,1,,1,amelis_sierra@hotmail.com,1,MIX1034,20182502,"Ciudad de México, México",,INSTITUTO NACIONAL DE MIGRACION 0000000038396,8,20180109,20190104,,,,1,,ESP,1,0,0,0,0,0
I01045,VICTOR OMAR SANCHEZ BAHENA,760,MEX,MORELOS,1,JUITEPEC,1,COL. AMP. OTILIO MONTAÑO,1,"CALLE JALISCO #27, COL. AMP. OTILIO MONTAÑO, JIUTEPEC, MORELOS, MEXICO",0,7772179504,1,7773195348,1,vosb_sonic@hotmail.com,1,IOX1035,20182502,"Ciudad de México, México",,CREDENCIAL PARA VOTAR INE CLAVE SNBHVC93052717H600,8,20180109,20190104,,,,1,,ESP,1,0,0,0,0,0
I01046,JOSE ADRIAN SANCHEZ PORTILLA,760,CRI,DISTRITO CONCEPCION,1,CANTON ATENAS,1,PROVINCIA ALAJUELA,1,"APARTADO POSTAL 31-20501, PROVINCIA ALAJUELA, CANTON ATENAS, DISTRITO CONCEPCION, COSTA RICA",0,50688356919,1,,1,jasan2020@hotmail.com,1,OXD1036,20182502,"Ciudad de México, México",,PASAPORTE REPUBLICA DE COSTA RICA 1 0976 0823,8,20180109,20190104,,,,1,,ESP,1,1,1,1,0,0
I01047,MARTHA ROXANA DE GUADALUPE GONZALEZ HERNANDEZ,760,CRI,DISTRITO CONCEPCION,1,CANTON ATENAS,1,PROVINCIA ALAJUELA,1,"VISTAS ATENAS, LOTE 87, ENTRADA 1E, M/I, PROVINCIA ALAJUELA CANTON ATENAS, CP 20505, COSTA RICA",0,50687586149,1,,1,roxygonz9@hotmail.com,1,AHX1037,20182502,"Ciudad de México, México",,PASAPORTE MEXICANO G08308108,8,20180109,20190104,,,,1,,ESP,1,1,0,0,0,0
I01048,ALEJANDRO GUTIERREZ GARCIA,760,MEX,EDO MEX,1,TOLUCA,1,SN DIEGO DE LOS P,1,"AV. BENITO JUAREZ GARCIA S/N, LOC. SN DIEGO DE LOS P, SECC. 5A, TOLUCA, MEXICO, CP 50200",0,7221422090,1,,1,sportautopartes@outlook.com,1,LAD1038,20182502,"Ciudad de México, México",,CREDENCIAL PARA VOTAR IFE CLAVE CSPIER72070409M100,8,20180109,20190104,,,,1,,ESP,1,0,1,1,0,0
I01049,ABRAHAM CHRISTIAN AGUILAR GARCIA,760,MEX,CIUDAD DE MEXICO,1,CP 07730,1,COL. SAN BARTOLO ATEPEHUACAN,1,"CELAYA # 18, COL. SAN BARTOLO ATEPEHUACAN, CIUDAD DE MEXICO, MEXICO. CP 07730",0,5533329048,1,,1,abrahamaguil@gmail.com,1,BHM1039,20182502,"Ciudad de México, México",,PASAPORTE MEXICANO G22945586,8,20180109,20190104, , ,,1,,ESP,1,1,1,1,0,0
I01050,PATRICIA ECHENIQUE CHAVEZ,760,MEX,CIUDAD DE MEXICO,1,COYOACÁN,1,,1,"MADRID 11 DEPTO 3, COYOACAN, D.F., MEXICO, CP 04100",0,5512921921,1,,1,echeniquepat@gmail.com,1,AII1040,20182502,"Ciudad de México, México",,CREDENCIAL PARA VOTAR IFE CLAVE ECCHPT59092609M900,8,20180109,20190104,,,,1,,ESP,1,0,1,1,0,0
I01051,JOSE LUIS ESTANISLAO VIZCANO GALINDO,760,MEX,EDO MEX,1,TOLUCA,1,FRACC. LAS MISIONES,1,"PRIV. SAN ANTONIO DE PADUA 29, MZ 9 LT 24, FRACC LAS MISIONES, TOLUCA DE LERDO, ESTADO DE MEXICO, MEXICO, CP 50220",0,5521167661,1,,1,playa97@prodigy.net.mx,1,OXU1041,20182502,"Ciudad de México, México",,CREDENCIAL PARA VOTAR IFE CLAVE VZGLLS52062114H300,8,20180109,20190104,,,,1,,ESP,1,1,1,1,0,0
I01052,ALICIA CARMONA CERON,760,MEX,CIUDAD DE MEXICO,1,CP 02050,1,COL. LIBERTAD,1,"CALLE NORTE 81 526, COL. LIBERTAD, CIUDAD DE MEXICO, MEXICO, CP 02050 ",0,555943,1,,1,NO_INFO,1,LIX1042,20182502,"Ciudad de México, México",,CREDENCIAL PARA VOTAR IFE CLAVE CRCRAL71072409M900,8,20180109,20190104,,,,1,,ESP,1,0,0,0,0,0
I01053,ISSIS ANETTE PEREZ JIMENEZ,760,MEX,CIUDAD DE MEXICO,1,CP 03600,1,VERTIZ NARVARTE,1,"MONTE ALBAN 426 103, VERTIZ NARVARTE, CIUDAD DE MEXICO, MEXICO, CP 03600",0,5535032202,1,,1,NO_INFO,1,SSA1043,20182502,"Ciudad de México, México",,CREDENCIAL PARA VOTAR INE CLAVE PRJMIS80051509M500,8,20180109,20190104,,,,1,,ESP,1,0,0,0,0,0
I01054,CINTHYA ERIKA CISNEROS VAZQUEZ ,760,MEX,CIUDAD DE MEXICO,1,AZCAPOTZALCO,1,PUEBLO SAN JUAN TLIHUACA,1,"CANDIDO NAVARRO 47 EDIF. A NORTE D 103, PUEBLO SAN JUAN TLIHUACA, AZCAPOTZALCO, CP 02400",0, INST ,1,,1,NO_INFO,1,IHA1044,20182502,"Ciudad de México, México",,CREDENCIAL PARA VOTAR INE CLAVE CSVZCN83052215M500,8,20180109,20190104,,,,1,,ESP,1,0,0,0,0,0
I01055,SHARON ECHEVERRIA MAULEON,760,MEX,CIUDAD DE MEXICO,1,MIGUEL HIDALGO,1,COL. AGRICULTURA,1,"LAURO AGUIRRE 206 5, COL. AGRICULTURA, MIGUEL HIDALGO, D.F, MEXICO, CP 11360",0, INST ,1,,1,NO_INFO,1,HOX1045,20182502,"Ciudad de México, México",,CREDENCIAL PARA VOTAR IFE CLAVE ECMLSH74052809M900,8,20180109,20190104, , ,,1,,ESP,1,0,0,1,0,0
I01056,MARIA DEL REFUGIO MONARREZ MUÑIZ,908,MEX,CHIHUAHUA,1,CHIHUAHUA,1,VILLA NUEVA,1,"PABLO GOMEZ 233. COL. VILLA NUEVA, CHIHUAHUA, CHIH. MEXICO, CP 31134",0,6141923952,1,,1,mqk4est@hotmail.com,1,AAD1046,20181203,"Chihuahua, Chih, México",,CREDENCIAL PARA VOTAR IFE CLAVE MNMZRF70050408M600,8,20180110,20190105,,,,1,,ESP,1,0,0,0,0,0
I01057,ANA REBECA ORTEGA CAMPOS,908,MEX,NAYARIT,1,TEPIC,1,FRACC LA JOYA,1,"CTO AMATISTA 85. FRACC. LA JOYA, TEPIC, NAYARIT, MEXICO, CP 63195",0,3111342188,1,,1,ana.layo@gmail.com,1,NRB1047,20181903,"Tepic, Nayarit, México",,CREDENCIAL PARA VOTAR INE CLAVE ORCMAN69112521M300,8,20180110,20190105,,,,1,,ESP,1,0,0,0,0,0
I01058,KARLA IBBETH VALDIVIA VILLARREAL,908,MEX,NAYARIT,1,TEPIC,1,FRACC LOS LAGOS DEL COUNTRY,1,"MAR CARIBE 59. FRACC. LAGOS DEL CONTRY, TEPIC, NAYARIT, MEXICO. CP 63175",0,3111325544,1,,1,colegio.eureka.tepic@hotmail.com,1,AAI1048,20181903,"Tepic, Nayarit, México",,CREDENCIAL PARA VOTAR INE CLAVE VLVLKR77090509M000,8,20180110,20190105,,,,1,,ESP,1,0,0,0,0,0
I01059,NOEMI ZULEMA FUENTES ALVAREZ,908,MEX,NAYARIT,1,TEPIC,1,FRACC LA JOYA,1,"CTO AMATISTA 82. FRACC. LA JOYA, TEPIC, NAYARIT, MEXICO, CP 63195",0,3111225986,1,,1,nfuentes@uan.edu.mx,1,OIZ1049,20181903,"Tepic, Nayarit, México",,CREDENCIAL PARA VOTAR INE CLAVE FNALNM78020818M800,8,20180110,20190105,,,,1,,ESP,1,0,0,0,0,0
I01060,IRMA GEORGINA GONZALEZ RUIZ,908,MEX,NAYARIT,1,XALISCI,1,FRACC. COLINAS DE XALISCO,1,"CTO PASEO DEL SOL 33, FRACCIONAMIENTO COLINAS DE XALISCO, XALISCI, NAYARIT, MEXICO, CP 63780",0, NO_INFO ,1,,1,NO_INFO,1,RXE1050,20181903,"Tepic, Nayarit, México",,LICENCIA DE CONDUCIR BTEP N2505627464,8,20180110,20190105,,,,1,,ESP,1,0,0,0,0,0
I01061,OMAR ABDEL ORTIZ MEDINA,910,MEX,MERIDA,1,YUCATAN,1,BOJORQUEZ,1,"C 59 K POR 98 Y 100 536, COL. BOJORQUEZ, MERIDA, YUCATAN, MEXICO, CP 97230",0,5219993319793,1,,1,abdel1om@gmail.com,1,MXB1051,20183003,"Ciudad de México, México",,CREDENCIAL PARA VOTAR INE ORMDOM70100209H500,8,20180110,20190105, , ,,1,,ESP,1,0,0,0,0,0
I01062,LUCIA GABRIELA CANO DE PAU,910,MEX,CIUDAD DE MEXICO,1,CUAUHTÉMOC,1,ROMA NORTE,1,"TABASCO 235 304, COL. ROMA NORTE, DEL. CUAUHTEMOC, CIUDAD DE MEXICO, CP06700",0,5215543418317,1,,1,lucia.galleta@gmail.com,1,UAG1052,20183003,"Ciudad de México, México",,PASAPORTE MEXICANO G16501428,8,20180110,20190105,,,,1,,ESP,1,0,0,0,0,0
I01063,REGINA HERNANDEZ ALVAREZ,910,MEX,CIUDAD DE MEXICO,1,ALVARO OBREGON,1,LAS ÁGUILAS,1,"CALZADA DE LAS ÁGUILAS 429 DEPTO 301, COL. LAS AGUILAS, DEL. ALVARO OBREGON, CIUDAD DE MEXICO, CP 01710",0,5215514953794,1,,1,regina2509@gmail.com,1,ENX1053,20183003,"Ciudad de México, México",,CREDENCIAL PARA VOTAR IFE HRALRG83092509M800,8,20180110,20190105,,,,1,,ESP,1,0,0,0,0,0
I01064,MARIA DEL CARMEN NOGUEZ VALENCIA,910,MEX,EDO.MEX,1,NEZAHUALCOYOTL,1,PORFIRIO DÍAZ ,1,"COATEPEC 121, COL. PORFIRIO DIAZ, DEL. NEZAHUALCOYOTL, ESTADO DE MEXICO, MEXICO CP 57520",0,521555540106637,1,,1,nemcar12345@hotmail.com,1,AAD1054,20183003,"Ciudad de México, México",,CREDENCIAL PARA VOTAR IFE NGVLCR64081415M300,8,20180110,20190105,,,,1,,ESP,1,0,0,0,0,0
I01065,SANDRA HARUE IBAÑEZ GARCIA,910,MEX,CIUDAD DE MEXICO,1,VENUSTIANO CARRANZA,1,FEDERAL,1,"SUPREMA CORTE DE JUSTICIA 57-4, COL. FEDERAL, DEL. VENUSTIANO CARRANZA, CIUDAD DE MEXICO, MEXICO CP15700",0,19193706715,1,,1,ruescas04@gmail.com,1,ARX1055,20183003,"Ciudad de México, México",,CREDENCIAL PARA VOTAR IFE IBGRSN73020109M100,8,20180110,20190105,,,,1,,ESP,1,0,0,0,0,0
I01066,LILIANA ROMERO TREVIZO,908,MEX,CHIHUAHUA,1,JUAREZ,1,RINCONADA DE LOS NOGALES,1,"PLAN DE GUADALUPE 4029 NTE, col. RINCONADA DE LOS NOGALES, CIUDAD JUAREZ, CHIHUAHUA, MEXICO, CP 32350",0,6567043773,1,,1,lilita0now78@gmail.com,1,IAA1056,20180204,"Ciudad Juárez, Chih, México",,PASAPORTE MEXICANO G26464519,8,20180111,20190106,,,,1,,ESP,1,0,0,0,0,0
I01067,ALEJANDRINA VAZQUEZ MUÑIZ,908,MEX,CHIHUAHUA,1,JUAREZ,1,JARDINES RESIDENCIAL,1,"ACEQUIA MAYOR NTE 7258 A, FRACC. JARDINES RESIDENCIAL, CIUDAD JUAREZ, CHIHUAHUA, MEXICO, CP 32618",0,6564667968,1,,1,avcalvo@hotmail.com,1,LAD1057,20180204,"Ciudad Juárez, Chih, México",,CREDENCIAL PARA VOTAR INE VZMZAL67102809M900,8,20180111,20190106, , ,,1,,ESP,1,0,0,0,0,0
I01068,LUIS ALONSO ORDOÑEZ HERNANDEZ,908,MEX,CHIHUAHUA,1,JUAREZ,1,COL. MONUMENTAL,1,"PLATON 107 DEPTO 101 L, COL. MONUMENTAL, CIUDAD JUAREZ, CHIHUAHUA, MEXICO, CP 32310",0,6562153818,1,,1,luis.a.ordonez@gmail.com,1,UXL1058,20180204,"Ciudad Juárez, Chih, México",,CREDENCIAL PARA VOTAR IFE OOHL70050408H000,8,20180111,20190106,,,,1,,ESP,1,0,0,0,0,0
I01069,LINDA MIRIAM GALINDO,908,USA,TEXAS,1,EL PASO,1,79936,1,"3589 WATERSPRING, EL PASO TEXAS, ESTADOS UNIDOS, 79936",0,9158205430,1,,1,candy.3589@hotmail.com,1,IAM1059,20180204,"Ciudad Juárez, Chih, México",,LICENCIA DE CONDUCIR DE E.E.U.U. 20495256,8,20180111,20190106,,,,1,,ESP,1,0,0,0,0,0
I01070,LILIANA MERY NAPOLITANO VIOLO,760,USA,FLORIDA,1,MIAMI,1,33178,1,"11333 NW 72ND LN,MIAMI, FLORIDA, 33178, USA",0,3059759629,1,,1,NO_INFO,1,IAA1060,20181504,"Miami, Florida, USA",,"LICENCIA DE MANEJO DE FLORIDA, USA N143-533-67-945-0",8,20180111,20190106,,,,1,,ESP,1,0,0,0,0,0
