I00348,CARMEN SANTANA RUBIO,910,MEX,GUADALAJARA,1,JALISCO,1,RESIDENCIAL VICTORIA,1,,0,3314634558,1,,1,santanarubio@hotmail.com,1,AEX428,20162904,NO_INFO,,,10,,20170105,,,20162904,1,,ESP,1,0,0,0,0,0
I00349,ANA DEL CARMEN RAMIREZ BAÑOS,910,MEX,TLAXCALA,1,SANTA ANA,1,CHIAUTEMPAN,1,,0,2464769065,1,,1,ana_portitas@hotmail.com,1,NDL429,20162904,NO_INFO,,,10,,20170105,,,20162904,1,,ESP,1,0,0,0,0,0
I00350,MARIA EDUVIGIS IZQUIERDO CORDOVA,910,MEX,VERACRUZ,1,COATZACOALCOS,1,EL TESORO,1,,0,9211795754,1,,1,soilasoya55@hotmail.com,1,AAE430,20162904,NO_INFO,,,10,,20170105,,,20162904,1,,ESP,1,0,0,0,0,0
I00352,FRANCISCO JAVIER MONTES REYES,910,MEX,QUERETARO,1,QUERETARO,1,"ALAMOS, TERCERA SECCION",1,,0,444423176891,1,,1,Fco_Javier_M_R@hotmail.com,1,RCS431,20162904,NO_INFO,,,10,,20170105,,,20162904,1,,ESP,1,0,0,0,0,0
I00353,MARIA TERESA SANCHEZ MORA,910,MEX,QUERETARO,1,QUERETARO,1,CENTRO,1,,0,4422743503,1,,1,mtsanchezmora@gmail.com,1,AAT432,20162904,NO_INFO,,,10,,20170105,,,20162904,1,,ESP,1,1,0,0,0,0
I00354,OSBALDO RAMOS FERNANDEZ,910,MEX,ZACATECAS ,1,GUADALUPE,1,SPAUAZ,1,,0,4925444287,1,,1,drramosf@yahoo.com.mx,1,SLO433,20162904,NO_INFO,,,10, ,20170105, , ,20162904,1,,ESP,1,1,1,1,0,0
I00355,BLANCA MARGARITA ARNOLD MENDOZA,910,MEX,JALISCO,1,ZAPOPAN,1,CIUDAD GRANJA,1,,0,3316006465,1,,1,magalyarnold@hotmail.com,1,LCX434,20162904,NO_INFO,,,10,,20170105,,,20162904,1,,ESP,1,0,0,0,0,0
I00356,LILIANA DEL CARMEN ESCOBAR CORDOVA,910,MEX,QUERETARO,1,QUERETARO,1,VISTAS DEL CIMATARIO,1,,0,4423430436,1,,1,nvomundoee@hotmail.com,1,IAA435,20162904,NO_INFO,,,10,,20170105,,,20162904,1,,ESP,1,0,0,0,0,0
I00357,MARIA ALICIA VRATNY ZULETA,910,MEX,DISTRITO FEDERAL,1,COYOACAN,1,PASEOS DE TAXQUEÑA,1,,0,5554181874,1,,1,vratnyza@hotmail.com,1,AAA436,20162904,NO_INFO,,,10,,20170105,,,20162904,1,,ESP,1,0,0,0,0,0
I00358,QUIARA MARLEM MARTINEZ GONZALEZ,910,MEX,EDO. MEX.,1,CHALCO,1,LA LOMA SAN MARTÍN CUAUTLALPAN,1,,0,5534130165,1,,1,quiara.martinez@yahoo.com,1,URX437,20162904,NO_INFO,,,10,,20170105,,,20162904,1,,ESP,1,0,0,0,0,0
I00359,ANA LAURA NAIM SOTO ,905,MEX,DISTRITO FEDERAL,1,C,1,COL. DEL VALLE,1,PROVIDENCIA #912 CASA 6 COL: DEL VALLE ,0,55438744,1,445539011685,1,analauranaim@hotmail.com,1,NLU438,20160304,NO_INFO,1000,,10,,20180107,,,20160304,1,,ESP,1,0,0,0,0,0
I00363,SANDRA LUZ ORDAZ CORNEJO ,905,MEX,QUERETARO,1,NO_INFO,1,RESIDENCIAL VIVEROS,1,BLVD BERNARDO QUINTANA 5410 INT.C-1 RESIDENCIAL VIVEROS ,0,4422242176,1,4421816859,1,sandy7light@hotmail.com,1,ARX439,20160304,NO_INFO,1000,,10, ,20180105, , ,20160304,1,,ESP,1,0,0,0,0,0
I00367,ERIKA NAVARRO VALLEJO ,905,ESP,VIZCAYA,1,BILBAO,1,,1,C/LA PAZ # 35 BJ IZQ  ,0, NO_INFO ,1,607668476,1,valleja.e.n@hotmail.com,1,RAN440,20162205,NO_INFO,,,10,,20170106,,,20162205,1,,ESP,1,0,0,0,0,0
I00371,JOSE CRUZ LUNA,760,USA,CALIFORNIA,1,CUDAHY,1,90201,1,"4423 HARTLE AVE CUDAHY, CA, 90201",0,9094347065,1,,1,jcluna7@yahoo.com,1,OXR441,20161605,NO_INFO,,,10,,20170106,,,20161605,1,,ESP,1,0,0,0,0,0
I00372,MARIA LUGO IBARRA,760,MEX,BAJA CALIFORNIA NORTE,1,ENSENADA,1,"FRACC. MAGISTERIAL, LA PRESA",1,SALVADOR BURGUEÑO 128.,0,6461947027,1,,1,mlugoibarra@hotmail.com,1,AAL442,20161605,NO_INFO,1000,,10,,20180106,,,20161605,1,,ESP,1,1,1,0,0,0
I00373,MAGALY PATRICIA MARTINEZ,760,USA,WASHINGTON,1,SEATTLE,1,,1,"31500 1ST AVE. S. FEDERAL WAY, WA, 98003",0,2065399156,1,,1,magaly_mtzm3@otulook.com,1,ALX443,20161605,NO_INFO,,,10,,20170106,,,20161605,1,,ESP,1,0,0,0,0,0
I00374,ROSA MARIA TELLEZ ROGOVICH,760,NZL,DR KELVIN HEIGHTS QUEENSTOWN,1,NO_INFO,1,,1,20 POPLAR DR KELVIN HEIGHTS QUEENSTOWN,0, NO_INFO ,1,,1,epc_rosamaria@outlook.com,1,OXA444,20161605,NO_INFO,,,10,,20170106,,,20161605,1,,ESP,1,0,0,0,0,0
I00375,BLANCA ESTHELA CANTU ESCAMILLA ,760,MEX,NUEVO LEON,1,SAN NICOLAS DE LOS GARZA,1,COL. LAS PUENTES ,1,SIERRA PEÑA NEVADA # 559,0,8183302155,1,,1,cabecolibri@hotmail.com,1,LCX445,20160407,NO_INFO, ,,10, ,20180108,1000, ,20160407,1,,ESP,1,0,0,0,0,0
I00382,MARIA ELENA HERNANDEZ REGALADO,760,MEX,COAHILA,1,TORREON,1,COL FOVISSSTE LA ROSITA,1,"AND GORRION 37. COL FOVISSSTE LA ROSITA 27269, TORREON, COAH.",0,8711099089,1,,1,mariahr_75@yahoo.com.mx,1,AAE446,20160407,NO_INFO,,,10,,20180112,1000,,20160407,1,,ESP,1,0,0,0,0,0
I00384,MARIA DEL CARMEN MARTINEZ ANAYA,760,MEX,CIUDAD DE MEXICO,1,ALVARO OBREGON,1,CORPUS CHRISTY,1,AV. TAMAULIPAS 1150,0, NO_INFO ,1,,1,veo.marycarmenmar@gmail.com,1,AAD447,20161107,NO_INFO,,,10,,20180108,500,,20161107,1,,ESP,1,1,1,1,0,0
"a quienes tienen ""S""",BERENICE BAUTISTA MORALES,760,MEX,BAJA CALIFORNIA,1,MEXICALI,1,NUEVA,1,"CALLE ""D"" 332-2",0,6861856604,1,,1,docbautista@hotmail.com,1,ENC448,20161107,NO_INFO,,,10,,20190102,1000,,20161107,1,,ESP,1,0,1,1,0,0
I00386,MARVIC BARRERA MATOS,760,MEX,HIDALGO,1,MIXQUIAHUALA DE JUAREZ,1,,1,"GUILLERMO PRIETO 14, COL. CENTRO 42700 MIXQUIAHUALA DE JUAREZ, HIDALGO",0,7721199720,1,,1,marvicbm@hotmail.com,1,AIX449,20161107,NO_INFO,,,10,,20190101,1000,,20161107,1,,ESP,1,1,1,1,0,0
I00388,LUZ DEL CARMEN SOTO LARIOS,760,MEX,GUANAJUATO,1,IRAPUATO,1,ZONA CENTRO,1,ALTAMIRANO #327,0,4622116629,1,,1,lucysotolarios@hotmail.com,1,UDL451,20161107,NO_INFO,,,10, ,20190101,1000, ,20161107,1,,ESP,1,0,0,0,0,0
I00404,LIZETTE TERESA BIANCHI ESKENAZI,760,MEX,JALISCO,1,GDL/ZAPOPAN,1,ROJAS LADRON DE GUEVARA/CD GRANJA,1,,0,3316936009,1,3311948208,1,lizbianchieske@gmail.com,1,ITE460,20162507,NO_INFO,1000,,10,,20190106,,,20162507,1,,ESP,1,0,1,1,0,0
I00407,ANA RABAGO BARREIRO,760,USA,TEXAS,1,HOUSTON,1,"16211 CRESTMOOR WAY, 77082",1,"16211 CRESTMOOR WAY, HOSUTON TX, 77082",0, NO_INFO ,1,2817367752,1,anarabago123@gmail.com,1,NRB463,20162002,NO_INFO,,,10, ,20170103, , ,20162002,1,,ESP,1,0,0,0,0,0
I00416,LORENA PATRICIA VALADEZ RODRIGUEZ,910,MEX,QUERETARO,1,CORREGIDORA QUERETARO,1,MISION CANDILES,1,,0,4421256662,1,,1,lorena.valadez75@gmail.com,1,ONX464,20161607,NO_INFO,,,10,,20180110,1000,,20161607,1,,ESP,1,0,0,0,0,0
I00417,VIANGIE ESTELA ROMERO ESPINO,910,MEX,CIUDAD DE MEXICO,1,COYOACAN ,1,LOS CIPRESES,1,,0,5511516466,1,,1,macusa2000@hotmail.com,1,IGE465,20161607,NO_INFO,,,10,,20180111,1000,,20161607,1,,ESP,1,0,0,0,0,0
I00425,JUAN ANTONIO ROSA ROLDAN,905,ESP,ARAGON,1,ZARAGOZA,1,,1,MAESTRO LUNA # 10 ,0,607275444,1,,1,juanrosaroldan@hotmail.com,1,UXN467,20163107,NO_INFO,,,10,,20170108,,,20163107,1,,ESP,1,0,0,0,0,0
I00426,CARLOS JAVIER ROSA ROLDAN,905,ESP,ARAGON,1,ZARAGOZA,1,,1,"POETA RAFAEL ALBERTI # 14, 4-C",0,655252537,1,,1,pilateshermes@yahoo.es,1,AOX468,20163107,NO_INFO,,,10,,20170108,,,20163107,1,,ESP,1,0,0,0,0,0
I00427,CHRISTIAN IVAN ROSA ROLDAN ,905,ESP,VIZCAYA,1,BILBAO,1,,1,"DOCTOR AREILZA # 17, 1-D ",0,647685585,1,,1,thaichristian2004@yahoo.es,1,HSI469,20163107,NO_INFO,,,10, ,20170108, , ,20163107,1,,ESP,1,0,0,0,0,0
I00430,JOSE MARIA MORALES MANCEBO,905,ESP,MADRID,1,MADRID,1,,1,"PLAZA DE ALCIRA # 19, 2-IZ ",0,638003505,1,,1,psx141@gmail.com,1,OXA470,20163107,NO_INFO,,,10,,20190102,1000,,20163107,1,,ESP,1,0,1,1,0,0
I00432,LILLIAN BOSQUES,760,MEX,NO_INFO,1,NO_INFO,1,,1,,0,5532225891,1,,1,lillianbosques@hotmail.com,1,IIN471,20161908,NO_INFO,,,10,,20190102,1000,,20161908,1,,ESP,1,0,0,0,0,0
I00433,HEIDI YOHAIDA MON CASTRO,760,MEX,ESTADO DE MEXICO,1,CUAUTITLAN IZCALLI,1, JARDINES DEL ALBA,1,PARQUE DEL CONTADOR 28,0,5537341006,1,,1,heyomon@gmail.com,1,EIY472,20161908,NO_INFO,,,10,,20190102,1000,,20161908,1,,ESP,1,1,0,0,0,0
I00434,DAVID CHAMORRO PLATA,760,MEX,YUCATAN,1,MERIDA,1,POR CONFIRMAR,1,,0,9993222242,1,,1,david.chamorroplata@gmail.com,1,ADC473,20161908,NO_INFO, ,,10,,20180110,1000,,20161908,1,,ESP,1,1,0,0,1,0
I00435,ROCIO DEL CARMEN ESCALANTE IBARRA,760,MEX,TABASCO,1,VILLAHERMOSA,1,FRACC LAGO ILUSIONES,1,CEDROS 121 ALTOS ,0,9933120031,1,,1,rescalante64@hotmail.com,1,OOD474,20161908,NO_INFO, ,,10,,20190104,1000,1000,20161908,1,,ESP,1,1,0,0,0,0
I00437,MARIA ESTHER BIMA,760,ARG,BUENOS AIRES,1,VILLA URQUIZA/AGRONOMIA,1,,1,,0,5491137678390,1,,1,NO_INFO,1,AAE475,20161908,NO_INFO,,,10, ,20180109,1000, ,20161908,1,,ESP,1,1,1,1,0,0
I00438,CAROLINA JOSEFINA JURADO SUAREZ,760,MEX,EDO MEX,1,METEPEC,1,"FRACCIONAMIENTO VILLAS DEL SOL, SAN LORENZO COACALCO.",1,"JUAREZ NO.107, INT.1147",0,7225525049,1,,1,carolina_js@hotmail.com,1,ALN476,20161908,NO_INFO,,,10,,20190102,1000,,20161908,1,,ESP,1,0,0,0,0,0
I00440,SILVIA CLAUDIA MARTINEZ HERNANDEZ,760,MEX,CIUDAD DE MEXICO,1,ALVARO OBREGON,1,COL. CAMPESTRE SAN ANGEL INN,1,"JOSE MARIA DE TERESA 299, CASA1",0,70320359,1,,1,silviam.hernandez@gmail.com,1,IIX477,20161908,NO_INFO,,,10,,20190101,1000,,20161908,1,,ESP,1,1,1,0,1,0
I00445,JUDITH KANAN AMON,760,MEX,CIUDAD DE MEXICO,1,CUAJIMALPA,1,COL LOMAS DE VISTA HERMOSA,1,AVE. BOSQUES DE REFORMA ,0,5585443911,1,,1,judith@centrocrece.com.mx,1,UTX479,20161908,NO_INFO,,,10,,20190103,1000,,20161908,1,,ESP,1,0,0,0,0,0
I00448,JUAN CARLOS MENDEZ SUAREZ,760,URY,MONTEVIDEO,1,NO_INFO,1,,1,"JOANICO 3308, MONTEVIDEO",0,59899386929,1,,1,juancarlosmendezsuarez@gmail.com,1,UXA481,20160409,NO_INFO,,,10, ,20190105,1000, ,20160409,1,,ESP,1,0,1,0,0,0
I00449,MILAGROS  MICAELA FERRE UGARTE,760,PER,LIMA,1,NO_INFO,1,,1,AV. RIVA AGÜERO 226 DEPTO. 501 SAN MIGUEL LIMA,0,51985030100,1,,1,milikay@hotmail.com,1,IGO482,20160409,NO_INFO,,,10,,20170110,,,20160409,1,,ESP,1,0,0,0,0,0
I00450,MARY ESPERANZA CASTILLO GARCIA,760,CHL,SANTIAGO,1,NO_INFO,1,,1,SAN MARTIN 870 DEPTO. 1009 SANTIAGO CENTRO,0,987540968,1,,1,maryecg@gmail.com,1,AXS483,20160409,NO_INFO,,,10,,20170110,,,20160409,1,,ESP,1,0,0,0,0,0
I00451,ALICIA HANSON ROJAS,760,CHL,SANTIAGO,1,NO_INFO,1,,1,"AV. CHAMISERO 16360 , CHICUREO, COLINA",0,56988384825,1,,1,ahansonrojas@yahoo.es,1,LIX484,20160409,NO_INFO,,,10,,20170110,,,20160409,1,,ESP,1,0,0,0,0,0
I00452,LORENA MARISOL RIQUELME JARAMILLO,760,CHL,ARICA,1,NO_INFO,1,,1,CAMPO VERDE 907 AZAPA ARICA,0,84045620,1,,1,lomar_riquel@hotmail.com,1,ONX485,20160409,NO_INFO,,,10,,20170110,,,20160409,1,,ESP,1,0,0,0,0,0
I00453,HARALDA MARIA SOLEDAD RIQUELME JARAMILLO,760,CHL,ARICA,1,NO_INFO,1,,1,SEWELL 2682 ARICA,0,974967823,1,,1,lalyriquelmej@hotmail.com,1,ALA486,20160409,NO_INFO,,,10,,20170110,,,20160409,1,,ESP,1,0,0,0,0,0
I00454,PAULINA MARTINEZ PEÑA ,760,COL,NO_INFO,1,NO_INFO,1,,1,SAN ISIDRO 154 DEPTO. 1712 SANTIAGO CENTRO,0,961715926,1,,1,p.paulinamartinez@gmail.com,1,AIA487,20160409,NO_INFO,,,10, ,20170110, , ,20160409,1,,ESP,1,0,0,0,0,0
I00456,JAMES HENRY ESTRADA REYES,760,PER,TRUJILLO,1,NO_INFO,1,,1,MANZANA X LOTE 14 URBANIZACION COOVICORTI,0,969998034,1,51044637665,1,jamestrada01@hotmail.com,1,ASH488,20160409,NO_INFO,,,10,,20170110,,,20160409,1,,ESP,1,0,0,1,0,0
I00457,ROCIO DEL PILAR ESPINOZA ALVA,760,PER,TRUJILLO,1,NO_INFO,1,,1,MANZANA X LOTE 14 URBANIZACION COOVICORTI,0,950261538,1,51044637665,1,jamestrada01@hotmail.com,1,OOD489,20160409,NO_INFO,,,10,,20170110,,,20160409,1,,ESP,1,0,0,1,0,0
I00458,NAYADE JACQUELINE FIGUEROA PACHECO,760,CHL,SANTIAGO,1,NO_INFO,1,,1,LOS AVELLANOS 667 EL MANZANO SAN JOSE DE MAIPO,0,984290304,1,,1,naya.chile@yahoo.es,1,ADX490,20160409,NO_INFO,,,10,,20170110,,,20160409,1,,ESP,1,0,0,0,0,0
I00459,INGRID TERRICABRES POLO,760,ESP,BARCELONA (SANT JULIA DE VILATORTA),1,NO_INFO,1,,1,"AVENIDA SANT LLORENS, 37",0,0,1,,1,ingrid23g@gmail.com,1,NIX491,20160409,NO_INFO,, ,10,,20180110,4613,,20160409,1,,ESP,1,0,1,1,0,0
