I00820,GREGOR JANKOVIC,760,MEX,BAJA CALIFORNIA SUR,1,CABO SAN LUCAS,1,COL. MARIANO MATAMOROS,1,"SALVATIERRA 100 B4 E ALIKAN, COL. MARIANO MATAMOROS, CABO SAN LUCAS, BAJA CALIFORNIA, MEXICO",0,6241912709,1,,1,gregorjankovic@hotmail.com,1,ROX809,20171707,NO_INFO,,CREDENCIAL DE SEGOB No. 0000000348033,10,,20180109,,,20171707,1,,ESP,1,0,0,0,0,0
I00821,VIRGINIA TEJADA ALTAMIRANO,760,MEX,BAJA CALIFORNIA SUR,1,LOS CABOS,1,FRACC. GARDENIAS ELITE,1,"CHIPIRON MZA 1, LTE 7, FRACC. GARDENIAS ELITE, CABO SAN LUCAS, BAJA CALIFORNIA SUR, MEXICO",0,6241577831,1,,1,vico3996@gmail.com,1,III810,20171707,NO_INFO,,"CREDENCIAL PARA VOTAR IFE, CLAVE: TJALVR78031212M900",10,,20180109,,,20171707,1,,ESP,1,0,0,0,0,0
I00822,YOLANDA LIRA PIMENTEL,760,MEX,BAJA CALIFORNIA SUR,1,LOS CABOS,1,COL. LOS CANGERJOS II,1,"C DEL GOLFO MZA 39, LTE 02, COL. LOS CANGREJOS II, CP 23473",0,6241571022,1,,1,yoliz_45@hotmail.com,1,ONA811,20171707,NO_INFO,,"CREDENCIAL PARA VOTAR INE, CLAVE: LRPMYL64091609M300",10, ,20180109, , ,20171707,1,,ESP,1,0,0,0,0,0
I00823,ELIZABETH SILVA CAÑON,760,MEX,BAJA CALIFORNIA SUR,1,LOS CABOS,1,COL. MARIANO MATAMOROS,1,C. CABO SAN LUCAS ENTRE CARRANZA Y A. OBREGON,0,6241177331,1,,1,elisica79@hotmail.com,1,LAE812,20171707,NO_INFO,,PASAPORTE REPUBLICA DE COLOMBIA AN52445859,10,,20180109,,,20171707,1,,ESP,1,0,0,0,0,0
I00824,SUSANA GUADALUPE VIVAR Y BALDERRAMA PEREZ,908,MEX,CHIHUAHUA,1,CD JUAREZ,1,HIDALGO,1,C. JOSE MARTI 2870,0,6563141386,1,,1,susanavyb@hotmail.com,1,UNX813,20171707,NO_INFO,,CREDENCIAL PARA VOTAR INE CLAVE DE ELECTOR No.     VVPRSS59030908M801,10,,20180109,,,20171707,1,,ESP,1,0,0,0,0,0
I00825,MARIA TERESA CORONEL MONGE,908,MEX,CHIHUAHUA,1,CD JUAREZ,1,PRADERA DORADA,1,C. RANCHO FLORIDO #3306,0,6561842534,1,,1,maytecoro@hotmail.com,1,AAT814,20171707,NO_INFO,,CREDENCIAL PARA VOTAR IFE CLAVE  DE   ELECTOR   No. CRMNTR70020708M201,10,,20180109,,,20171707,1,,ESP,1,0,0,0,0,0
I00826,YOLANDA REICH MERLIN,908,MEX,CHIHUAHUA,1,CD JUAREZ,1,FRACC. JARDINES STA MONICA,1,C. MISION DIEGO DE ALCALA 2503,0,6562343634,1,,1,merliny4@gmail.com,1,ONA815,20171707,NO_INFO,,"CREDENCIAL PARA VOTAR INE, CLAVE RCMRYL66070330M201",10,,20180109,,,20171707,1,,ESP,1,0,0,0,0,0
I00827,SALVADOR DIAZ CORTES,908,MEX,CHIHUAHUA,1,CD JUAREZ,1,COL. CARLOS CASTILLO PERAZA,1,RAFAEL TERRAZAS CIENFUEGOS 3145 INT. 33,0,6562436035,1,,1,salvador.diaz@asegurem.com,1,AAO816,20171707,NO_INFO,,CREDENCIAL PARA VOTAR INE CLAVE  DE   ELECTOR   No. DZCRSL60081521H500,10,,20180109,,,20171707,1,,ESP,1,0,0,0,0,0
I00829,CLAUDIA LILIAN GARIGLIO,760,ARG,NEUQUEN,1,VILLA LA ANGOSTURA,1,BARRIO EL CRUCE,1,"CACIQUE SAYHUQUE 334 PA 1 B, BARRIO EL CRUCE, VILLA LA ANGOSTURA, LOS LAGO NEUQUEN, ARGENTINA",0,541151802576,1,,1,claugariglio@yahoo.com.ar,1,LDA818,20172407,NO_INFO,,REGISTRO DE IDENTIDAD DNI16299726,10,,20180109,,,20172407,1,,ESP,1,0,1,0,0,0
I00830,EVELYN DEL CARMEN SAEZ DIAZ,760,CHL,SANTIAGO DE CHILE,1,COMUNIDAD EDIFICIO UNIVERSO 2,1,,1,"COMUNIDAD EDIFICIO UNIVERSO 2, CALLE VERGARA No. 186, DEPRTAMENTO 901, SANTIAGO DE CHILE",0,5695448611,1,,1,evelynsaezdíaz@gmail.com,1,VYX819,20172407,NO_INFO,,CEDULA DE IDENTIDAD DE LA REPUBLICA DE CHILE RUN73482550,10,,20180109,,,20172407,1,,ESP,1,0,0,0,0,0
I00831,FLAVIA BEATRIZ CONSOLI,760,ARG,BUENOS AIRES,1,VILLA ROSA PILAR,1,,1,"CHUBUT 415, LOTE 543 B MAYLING, VILLA ROSA PILAR, BUENOS AIRES, ARGENTINA",0,111553175825,1,,1,flaviaconsoli88@gmail.com,1,LIX820,20172407,NO_INFO,,DOCUMENTO DE IDENTIDAD DE ARGENTINA DNI 34098429,10,,20180109,,,20172407,1,,ESP,1,0,1,0,0,0
I00832,GABRIEL GASTON GIOJA,760,ARG,SAN JUAN,1,SANTA LUCIA,1,,1,"PELAGIO LUNA SUR MZA C CASA 24 151 B, LOS TRONCOS, SANTA LUCIA, SAN JUAN, ARGENTINA",0,542644039186,1,,1,gggioja@gmail.com,1,AIL821,20172407,NO_INFO,,DOCUMENTO DE IDENTIDAD DE ARGENTINA DNI 25118396,10,,20180109,,,20172407,1,,ESP,1,0,1,0,0,0
I00833,GERMAN LUIS CAAMAÑO,760,ARG,BUENOS AIRES,1,SEGUROLA,1,,1,"SEGUROLA 1428, BUENOS AIRES, ARGENTINA",0,541530010639,1,,1,gercamanio@hotmail.com,1,EAX822,20172407,NO_INFO,,LICENCIA DE CONDUCIR DE ARGENTINA 23593891 ,10,,20180109,,,20172407,1,,ESP,1,0,0,0,0,0
I00834,IDA LORENA VILLALBA,760,ARG,CORRIENTES,1,NO_INFO,1,,1,"MBLOK 12 STOR 1 S/N P/B 1 17 DE AGOSTO, CORRIENTES, ARGENTINA",0,3794554665,1,,1,lore.sasha@hotmail.com,1,DLR823,20172407,NO_INFO,,DOCUMENTO DE IDENTIDAD DE ARGENTINA DNI 26840823,10, ,20180109, , ,20172407,1,,ESP,1,0,0,0,0,0
I00835,JUAN CARLOS MALDONADO,760,ARG,BUENOS AIRES,1,SAN ISIDRO,1,,1,"MISIONES 1034, SAN ISIDRO, BUENOS AIRES, ARGENTINA",0,541558840469,1,,1,juanelsolitario@hotmail.com,1,UXA824,20172407,NO_INFO,,DOCUMENTO DE IDENTIDAD DE ARGENTINA DNI M4608696,10,,20180109,,,20172407,1,,ESP,1,0,0,0,0,0
I00836,MARIA CAROLINA BIENATI,760,ARG,BUENOS AIRES,1,AMENABAR,1,,1,"AMENABAR 345 P4 C 1426, BUENOS AIRES, ARGENTINA",0,1567978978,1,,1,carbien@gmail.com,1,AAC825,20172407,NO_INFO,,REGISTRO DE IDENTIDAD DNI 25440739,10,,20180109,,,20172407,1,,ESP,1,0,0,0,0,0
I00837,MARIA CRISTINA LAMELA PEREZ,760,URY,COLONIA,1,CARMELO,1,,1,"MORTALENA 341, CP 70100, CARMELO, COLONIA, URUGUAY",0,59899073627,1,,1,mariacristinalape@hotmail.com,1,AAC826,20172407,NO_INFO,,PASAPORTE REPUBLICA ORIENTAL DEL URUGUAY C609913,10,,20180109,,,20172407,1,,ESP,1,1,0,0,0,0
I00838,MARIA INES PONS,760,ARG,BUENOS AIRES,1,SAAVEDRA,1,,1,"CONESA 3719, SAAVEDRA, CABA, BUENOS AIRES, ARGENTINA",0,541132974623,1,,1,acerquenzen@gmail.com,1,AAI827,20172407,NO_INFO,,DOCUMENTO DE IDENTIDAD DE ARGENTINA DNI 22749491,10,,20180109,,,20172407,1,,ESP,1,1,1,0,0,0
I00839,MARIA XIMENA ROJO,760,ARG,BUENOS AIRES,1,CONSTITUCION,1,,1,"BRASIL 975 PISO 3, CONSTITUCION, BUENOS AIRES, ARGENTINA",0,541550594091,1,,1,ximerojo@yahoo.com.ar,1,AAX828,20172407,NO_INFO,,DOCUMENTO DE IDENTIDAD DE ARGENTINA DNI 18208482,10,,20180109,,,20172407,1,,ESP,1,0,0,0,0,0
I00840,MARIO MARCELO MARTINEZ,760,ARG,BUENOS AIRES,1,SAAVEDRA,1,,1,"LARRALDE CRISOLOGO 3494 1 05, SAAVEDRA, BUENOS AIRES, ARGENTINA",0,541126485773,1,,1,grafimarce@gmail.com,1,AOM829,20172407,NO_INFO,,DOCUMENTO DE IDENTIDAD  DE ARGENTINA DNI 14611656,10, ,20180109, , ,20172407,1,,ESP,1,0,0,0,0,0
I00841,MARISA IRINA CHARNEJOVSKI,760,ARG,BUENOS AIRES,1,TABAY,1,,1,"RUTA NACIONAL 118KM 49, TABAY, BUENOS AIRES, ARGENTINA",0,5493782520946,1,,1,marisacharny@gmail.com,1,ASX830,20172407,NO_INFO,,REGISTRO DE IDENTIDAD DNI 17423639,10,,20180109,,,20172407,1,,ESP,1,0,0,0,0,0
I00842,MIRTA LIDIA ALTERMAN,760,ARG,BUENOS AIRES,1,GUISE,1,,1,"GUISE 1884-9 A, BUENOS AIRES, ARGENTINA",0,541545634775,1,,1,miralt22@gmail.com,1,IAL831,20172407,NO_INFO,,DOCUMENTO DE IDENTIDAD DE ARGENTINA DNI F6356657,10,,20180109,,,20172407,1,,ESP,1,0,1,0,0,0
I00843,OLGA ESTER RAMOS,760,ARG,BUENOS AIRES,1,BERAZATEGUI,1,,1,"RUTA 2 KM 33, CLUB DE CAMPO ABRIL, BIMOLINO 6, CP. 1885, BERAZATEGUI, BUENOS AIRES, ARGENTINA",0,541558669822,1,,1,olgaeramos@fibertel.com.ar,1,LXS832,20172407,NO_INFO,,LICENCIA DE CONDUCIR DE ARGENTINA No. 5385754,10,,20180109,,,20172407,1,,ESP,1,0,0,0,0,0
I00844,ROBERTO PABLO BOTTI,760,ARG,BUENOS AIRES,1,FLORIDA,1,,1,"FRANCIA No. 2950, TIMBRE “A”, FLORIDA, B1602 DNP, BUENOS AIRES, ARGENTINA",0,1151657957,1,,1,cpnbottirp@yahoo.com.ar,1,ORO833,20172407,NO_INFO,,PASAPORTE DE ARGENTINA No. AAA054986,10,,20180109,,,20172407,1,,ESP,1,1,1,0,0,0
I00845,SERGIO ADRIAN KREYNESS,760,ARG,BUENOS AIRES,1,RECOLETA,1,,1,"JUAN MARIA GUTIERREZ 2553 3 B, RECOLETA, BUENOS AIRES, ARGENTINA",0,541545344500,1,,1,sergioKreyness@gmail.com,1,EIX834,20172407,NO_INFO,,DOCUMENTO DE IDENTIDAD DE ARGENTINA DNI 13924268,10,,20180109,,,20172407,1,,ESP,1,0,0,0,0,0
I00846,SILVANA MIRETTI,760,ARG,SANTA FE,1,CASTELLANOS,1,,1,"AV. BELGRANO 205, HUMBERTO PRIMO, CASTELLANOS, SANTA FE, ARGENTINA",0,3493456630,1,,1,silvanarostagn.@gmail.com,1,IAA835,20172407,NO_INFO,,DOCUMENTO DE IDENTIDAD DE ARGENTINA DNI 14634300,10, ,20180109, , ,20172407,1,,ESP,1,0,0,0,0,0
I00847,TAMARA YAEL CATZ,760,USA,CALIFORNIA,1,ENCINITAS,1,,1,"3545 DOVE HOLLOW RD, ENCINITAS, CALIFORNIA 92024, USA",0,18082804294,1,,1,tamaracatz@gmail.com,1,ARX836,20172407,NO_INFO,,DOCUMENTO DE IDENTIDAD DE ARGENTINA DNI 22848562,10,,20180109,,,20172407,1,,ESP,1,0,0,0,0,0
I00848,VIRGINIA CLAUDIA CAMBERO,760,ARG,BUENOS AIRES,1,CP 427,1,,1,"BALBOA 372. LA PATERNAL._ CP 427, BUENOS AIRES, ARGENTINA",0,541555928443,1,,1,virginiacambero@gmail.com,1,III837,20172407,NO_INFO,,DOCUMENTO DE IDENTIDAD DE ARGENTINA DNI 14466587,10,,20180109,,,20172407,1,,ESP,1,0,0,0,0,0
I00849,MARIA CECILIA VAZQUEZ PAGANI,760,URY,MONTEVIDEO,1,MONTEVIDEO,1,,1,"AV. RONDEAU, GENERAL 1596, A 402",0,59891289647,1,,1,cecivaz2112@gmail.com,1,AAC838,20173107,NO_INFO,,Cédula de Identidad: 2971517-1 ,10,,20180109,,,20173107,1,,ESP,1,0,0,0,0,0
I00850,VIVIANA PATRICIA ARCE,760,ARG,BUENOS AIRES,1,CABA,1,CAÑITAS,1,"ARCE 766 1 A PALERMO, CABA BUENOS AIRES",0,1158325029,1,1147770373,1,viviarce1@hotmail.com,1,IAA839,20173107,NO_INFO,,DNI 22948235 ,10,,20180109,,,20173107,1,,ESP,1,0,1,0,0,0
I00851,ADRIANA HERNANDEZ,760,ARG,CORDOBA,1,CHARBONIER (CAPILLA DEL MONTE),1,BARRIO SANTA ISABEL,1,CHALET LA FLOR DE LA VIDA S/N,0,5493548505108,1,,1,elih.ana.om@gmail.com,1,DAA840,20173107,NO_INFO,,DNI 13640167,10,,20180109,,,20173107,1,,ESP,1,0,0,0,0,0
I00852,ALEJANDRO DANIEL OVEJERO,760,ARG,CHUBUT,1,CDORO RIVADAVIA,1,,1,PEDRO PABLO ORTEGA 2061 ENTRE JOSE ALVAREZ Y CASIMIRO SZLA,0,5492974123919,1,,1,aledove@gmail.com ,1,LAD841,20173107,NO_INFO,,DNI 28451250 ,10, ,20180109, , ,20173107,1,,ESP,1,0,0,0,0,0
I00853,CLAUDIA MARIA PENNISI,760,ARG,PARTIDO DE VICENTE LOPEZ,1,FLORIDA,1,,1,FRANCISCO NARCISO LAPRIDA 2758,0,5491135591553,1,,1,pennisiclaudia@gmail.com,1,LDA842,20173107,NO_INFO,,DNI 12081700,10,,20180109,,,20173107,1,,ESP,1,0,1,0,0,0
I00854,AGUEDA ELENA SCHRODER,760,ARG,BUENOS AIRES,1,CAMPANA,1,,1,AMEGHINO 769,0,540348915635808,1,,1,agueda1508@gmail.com ,1,GDX843,20173107,NO_INFO,,DNI 13473382,10,,20180109,,,20173107,1,,ESP,1,0,0,0,0,0
I00855,GRACIELA MERCEDES BERTOLOTTO,760,ARG,BUENOS AIRES,1,ALMAGRO,1,,1,BARTOLOME MITRE 4055 PB F CP 1201 CABA,0,54111139426089,1,,1,gracielabertolotto@yahoo.com.ar,1,RIL844,20173107,NO_INFO,,DU 6.246.388 ,10,,20180109,,,20173107,1,,ESP,1,1,0,0,0,0
I00856,JENNIFER VANESSA FARIAS TORRES,760,CHL,"3A REGION DE ATACAMA, PROVINCIA DEL HUASCO",1,CIUDAD DE VALLENAR,1,POBLACION QUINTA VALLE,1,PASAJE AZULILLO 728,0,56985014322,1,,1,jennifer.fonoaudiologa@gmail.com,1,EIE845,20173107,NO_INFO,,CEDULA DE IDENTIDAD DE CHILE RUN 15.885.730-8 ,10,,20180109,,,20173107,1,,ESP,1,1,0,0,0,0
I00857,MARIELLA SYLVIA VEDE TORRES,760,URY,CANELONES,1,LOMAS DE SOLYMAR,1,,1,"CALLE 3 MANZANA 515, SOLAR 8",0,59899931712,1,,1,vedemariella@gmail.com,1,AEL846,20173107,NO_INFO,,IDENTIFICACION DE LA REPUBLICA ORIENTAL DEL URUGUAY 1.880.324-2,10,,20180109,,,20173107,1,,ESP,1,0,0,0,0,0
I00858,SANTIAGO HERNAN BRUE,760,ARG,SANTA FE,1,CAÑADA DE GOMEZ,1,,1,JUJUY 589,0,543471560419,1,,1,santiagobrue12@gmail.com,1,AIG847,20173107,NO_INFO,,DNI 22356831,10, ,20180109, , ,20173107,1,,ESP,1,0,0,0,0,0
I00859,DARIO ANGEL OVEJERO,760,ARG,CHUBUT,1,CDORO RIVADAVIA,1,,1,CALLE NUEVA PROVINCIA  2541,0,2974430782,1,,1,dario@lblcomputacion.com,1,AOA848,20173107,NO_INFO,,DNI 127020428,10,,20180109,,,20173107,1,,ESP,1,1,1,0,0,0
I00860,MARIA ROSA DAVERIO,760,ARG,BUENOS AIRES,1,SAN ISIDRO,1,MARTINEZ,1,CASTELLI 2580,0,111559717279,1,,1,maridaverio@gmail.com,1,AAR849,20173107,NO_INFO,,DNI 17054463,10,,20180109,,,20173107,1,,ESP,1,0,1,0,0,0
I00861,JAVIER GALAN,760,ARG,BUENOS AIRES,1,NO_INFO,1,,1,"JUNIN 1557, PB A BUENOS AIRES, ARGENTINA",0,541149804018,1,,1,javiigalan@gmail.com,1,AEX850,20173107,NO_INFO,,DNI 36399384,10,,20180109,,,20173107,1,,ESP,1,0,1,0,0,0
I00862,INES RUTH VERGARA,760,ARG,BUENOS AIRES,1,MERLO,1,,1,"GUEMES 2378, MERLO,BUENOS AIRES, ARGENTINA",0,541151198419,1,,1,centroshenn@gmail.com,1,NXU851,20173107,NO_INFO,,DNI 14997054,10,,20180109,,,20173107,1,,ESP,1,1,1,0,0,0
I00863,ESTELA BEATRIZ OSHIRO ,760,ARG,BUENOS AIRES,1,LOS POLVORINES,1,,1,"RIVADAVIA 3014, LOS POLVORINES, MALVINAS, BUENOS AIRES ARGENTINA",0,541130405193,1,,1,yukoestela@gmail.com,1,SLX852,20173107,NO_INFO,,DNI 27769294,10,,20180109,,,20173107,1,,ESP,1,0,0,0,0,0
I00864,CELESTE LUCIA FLORES,760,FRA,TOULOUSE,1,NO_INFO,1,,1,"22 RUE DES GLYCINES, 31500 TOULOUSE, FRANCIA",0,33783770494,1,,1,cele.flores@hotmail.com,1,ESE853,20173107,NO_INFO,,PASAPORTE DE REPUBLICA ARGENTINA 35366843N,10, ,20180109, , ,20173107,1,,ESP,1,0,0,0,0,0
I00865,MONICA MERCEDES VALERO ALVAREZ SOETERBOEK,760,CURAZAO,ANTILLAS NEERLANDESAS,1,NO_INFO,1,,1,"KAYO PRANO #102, ANTILLAS NERLANDESAS, CURAZAO CP 5999",0,59996959359,1,,1,moniandchris@icloud.com,1,OCX854,20173107,NO_INFO,,DOCUMENTO DE IDENTIDAD DE CURASAO 524585,10,,20180109,,,20173107,1,,ESP,1,0,1,0,0,0
I00866,SILVINA DE LOS ANGELES CHUNFLIN,760,ARG,LA PAMPA,1,MARACO,1,,1,"29 763 GENERAL PICO, MARACO, LA PAMPA,ARGENTINA",0,540230215460016,1,,1,silvina763@hotmail.com,1,IIA855,20173107,NO_INFO,,DNI 17310997,10,,20180109,,,20173107,1,,ESP,1,1,1,0,0,0
I00867,GUILLERMO RAMIREZ JARDINES,908,MEX,CHIAPAS,1,SAN CRISTOBAL DE LAS CASAS,1,B DE MEXICANOS,1,"AVE. ARGENTINA #12 COL. B. DE MEXICANOS, SAN CRISTOBAL DE LAS CASAS, CHIAPAS, MEXICO. CP 29240",0,9671215934,1,,1,koalitafam@gmail.com,1,ULR856,20171408,NO_INFO,,PASAPORTE MEXICANO No. G24139467,10,,20180111,,,20171408,1,,ESP,1,0,0,0,0,0
I00868,MARTHA DE LOURDES DIAZ GUERRERO,908,MEX,QUERETARO,1,SANTIAGO DE QUERETARO,1,TEJEDA,1,AVE. PASEO DE DUBLIN #333,0,4421335937,1,,1,mdiaz@mdgintegritas.com,1,AHX857,20172108,NO_INFO,,,10,,20180111,,,20172108,1,,ESP,1,0,0,0,0,0
I00869,FLORIDA VEGA ARIAS,908,MEX,GUANAJUATO,1,APASEO EL GRANDE,1,FRACC. LA PURISIMA,1,MADRE TERESA DE CALCUTA #113,0,4131003059,1,,1,freeflying61@hotmail.com,1,LIA858,20172108,NO_INFO,,,10,,20180111,,,20172108,1,,ESP,1,0,0,0,0,0
I00870,SANDRA DORIS CANO HOLGUIN,760,USA,WASHINGTON,1,TENINO,1,,1,"15647 HEIDI LN SE, TENINO, WASHINGTON 98589-8217, USA",0,16504506286,1,,1,samy0518@gmail.com,1,ARX859,20172808,NO_INFO,,DRIVER LICENSE WASHINGTON # CANOHSD227KQ,10, ,20180111, , ,20172808,1,,ESP,1,0,0,0,0,0
