I00007,MONICA DEL R. VILLARREAL DE R,760,MEX,COAHUILA,1,MONCLOVA,1,RESIDENCIAL TECNOLOGICO,1,"BOULEVARD TECNOLOGICO 1300 . RESIDENCIAL TECNOLOGICO . MONCLOVA, COAHUILA",0, NO_INFO ,1,8661549126,1,monydereina@gmail.com,1,OCX10,20142006,NO_INFO,,,60,,20140106,,,20142006,1,,ESP,1,1,0,0,0,0
I00090,ALICIA ANGUIANO RODRIGUEZ,713,MEX,COAHUILA,1,SALTILLO,1,COL REPUBLICA,1,"CANDELA 310 COL REPUBLICA, SALTILLO",0,8444340897,1,8448921580,1,alianguiano@gmail.com,1,LIX11,20121506,NO_INFO,,,60,,20140105,,,20121506,1,,ESP,1,0,1,0,0,0
I00040,ABIGAIL CERVANTES GARDUÑO,910,MEX,D. F.,1,DEL. CUAHUTEMOC,1,COL. LA CONDESA,1,CALLE CUERNAVACA 155,0,13154582,1,5514160229,1,abicer111@gmail.com,1,BAL24,20141510,NO_INFO,1000,,60,,20170106,,,20141510,1,,ESP,1,1,0,0,0,0
I00137,CECILIA RODRIGUEZ QUIROZ,760,MEX,GUERRERO,1,ACAPULCO DE JUAREZ,1,FRACC. COSTA AZUL,1,PARQUE NORTE #165 DESPACHO 303,0,7445069660,1,,1,cecyquiroz@hotmail.com,1,ELA87,20152005,NO_INFO,3000,,10,,20190104,,,20152005,1,,ESP,1,0,1,0,0,0
I00155,CATERINA PETRILLI,760,ECU,GUAYAQUIL,1,NO_INFO,1,,1,,0,2384633,1,988172224,1,uyuwcate@hotmail.com,1,ARN104,20151407,NO_INFO,,,10,,20150107,,,20151407,1,,ESP,1,0,0,0,0,0
I00170,BRENDA ORTEGA ESCOBEDO,713,MEX,D. F.,1,COYOACAN ,1,COL PASEOS DE TAXQUEÑA,1,PASEO DE LAS HIGUERAS 162 INT 201 ,0, NO_INFO ,1,5591955389,1,brends98@hotmail.com,1,RDX118,20111506,NO_INFO,,,60,,20140106,,,20111506,1,,ESP,1,1,1,0,0,0
I00198,XOCHITL BAEZ RIVERA,910,MEX,D. F.,1,ALVARO OBREGON,1,JARDINES DEL PEDREGAL,1,"NUBE SUR#469 COL. JARDINES DEL PEDREGAL. DELEGACION ALVARO OBREGON, DF",0, NO_INFO ,1,5530200172,1,xojoi@hotmail.com,1,OIL143,20151508,NO_INFO,1000,,10,,20190106,,,20151508,1,,ESP,1,1,1,1,0,0
I00252,RODRIGO DAVID ORTIGOSA,760,MEX,CIUDAD DE MEXICO,1,MIGUEL HIDALGO,1,COL. POLANCO,1,CARLOS DICKENS 43 DEPTO 503 COL POLANCO,0, NO_INFO ,1,5522716579,1,rodrigo.david.ortigosa@diageo.com,1,OIO177,20152711,NO_INFO,,,10,,20190106,,,20152711,1,,ESP,1,0,0,0,0,0
I00295,CELINA MA ROJAS SIVERIO,760,ESP,BILBAO,1,BIZKAIA,1,,1,DIPUTACION #8-2-DPTO 14 CP 48008,0, NO_INFO ,1,34650168960,1,celinarojas.22@gmail.com,1,ENX195,20162902,NO_INFO,1000,,10,,20190103,,,20162902,1,,ESP,1,0,0,0,0,0
I00328,VICTOR MIGUEL CERVANTES SILVA,760,MEX,AGUASCALIENTES,1,AGS,1,FRACC. JESUS TERAN 20260,1,ANTONIO FEMAT 416 FRACC. JESUS TERAN 20260,0,4491008739,1,4493291267,1,instructorveo@gmail.com,1,IOX212,20160205,NO_INFO, ,,10,,20180107,1000,,20160205,1,,ESP,1,0,0,0,0,0
I00380,HENRY MAURICE BASABE,760,USA / ECUADOR,CALIFORNIA/QUITO,1,CALIFORNIA/PICHINCHA,1,PHELAN/SAN FRANCISCO,1,"9532 COFAX RD./PERIMETRAL IZQUIERDA 543 Y CALLE ""Q""",0,593986226749,1,,1,mauriciobl2008@hotmail.com,1,EYM234,20160407,NO_INFO,1000,,10,,20190107, ,,20160407,1,,ESP,1,0,0,0,0,0
I00408,ERIK RAMIREZ BARRUETA,760,MEX,CIUDAD DE MEXICO,1,XOCHIMILCO,1,COL. SAN LORENZO ATEMOAYA,1,CAMINO VIEJO A NATIVITAS 41-5,0,5515237311,1,,1,erikramb@gmail.com,1,RXA244,20162004,NO_INFO,,,60,,20170105,,,20162004,1,,ESP,1,0,0,0,0,0
I00428,BELEN COSIN CORRAL ,905,ESP,ARAGON,1,ZARAGOZA,1,,1,"LEOPOLDO ROMERO 2, 3-A ",0,658178923,1,,1,belencosin@gmail.com,1,ENC258,20163107,NO_INFO,,,60,,20170108,,,20163107,1,,ESP,1,0,0,0,0,0
I00429,JAVIER ALCALDE PERALTA ,905,ESP,ARAGON,1,ZARAGOZA,1,,1,"LEOPOLDO ROMERO 2, 3-A ",0,657857830,1,,1,alcalde.peralta@gmail.com,1,AEX259,20163107,NO_INFO,,,60, ,20170108, , ,20163107,1,,ESP,1,0,0,0,0,0
I00488,VERONICA ANA LAURA GUZMAN FDZ,760,MEX,CIUDAD DE MEXICO,1,BENITO JUAREZ,1,SAN PEDRO DE LOS PINOS,1,SAN ANTONIO 301 7,0,5529793698,1,,1,g_veronica@hotmail.com,1,ENC276,20160310,NO_INFO,1000,,10,,20190102,1000,,20160310,1,,ESP,1,0,1,0,0,0
I00497,KAREN LYNN OSBORNE ,905,CAN,ONTARIO ,1,CARP,1,,1,"155 PINERIDGE, ROAD ",0,6134701888,1,,1,karen444osborne@yahoo.com,1,ANL280,20161609,NO_INFO,,,60,,20170102,,,20161609,1,,ENG,1,0,0,0,0,0
I00540,TANIA GABRIELA LOPEZ RAMIREZ,760,MEX,CIUDAD DE MEXICO,1,BENITO JUAREZ,1, COL. XOCO,1,"EJE 8 SUR, AV. POPOCATEPETL, COL. XOCO, CP 03330, BENITO JUAREZ, CDMX",0,5539772353,1,,1,centroteramis7sentidos@gmail.com,1,AAG297,20162811,NO_INFO,1000,,10,,20190106,1000,,20162811,1,,ESP,1,0,0,0,0,0
I00009,LARIX SANCHEZ GARCIA,905,MEX,CHIHUAHUA,1,CD. JUAREZ,1,QUINTAS DEL VALLE,1,,0,6565586190,1,,1,larix.sanchez@gmail.com,1,AXS312,20142704,NO_INFO,,,10,,20190103,,,20142704,1,,ESP,1,1,1,1,0,0
I00011,FRIZIA SANCHEZ GARCIA,760,MEX,CHIHUAHUA,1,CD. JUAREZ,1,QUINTAS DEL VALLE,1,,0, NO_INFO ,1,6562031250,1,frizia@identifikt.com,1,RIX313,20141509,NO_INFO,1000,,10, ,20190103, , ,20141509,1,,ESP,1,1,1,1,0,0
I00006,MARIA CONCEPCION BARRERA OAXACA,905,MEX,CHIHUAHUA,1,CHIHUAHUA,1,COL MIRADOR,1,CALLE TOKIO NO 1609 COL MIRADOR CHIH,0,6144105511,1,6142473768,1,mcbarrera1@hotmail.com,1,AAC314,20142704,NO_INFO,,,10,,20190106,,,20142704,1,,ESP,1,1,1,1,0,0
I00021,GERALDINA GOMEZ BARRERA ,906,MEX,CHIHUAHUA,1,CHIHUAHUA,1,COL MIRADOR,1,TOKIO 1609 COL. MIRADOR CHIH,0,6143448761,1,6144105511,1,ggomez@mundoeditorial.com,1,ELI315,20142911,NO_INFO,1000,,10,,20170107, ,,20142911,1,,ESP,1,1,1,0,0,0
I00027,MARIA NORELO MERCADO CHACON,760,MEX,CHIHUAHUA,1,CHIHUAHUA,1,COL DEL VALLE,1,"MONTE MANITOBA # 1803 COL DEL VALLE, CHIH",0,6142208779,1,6144231639,1,norelomch@hotmail.com,1,AAN316,20141509,NO_INFO,1000,,10,,20180102,,,20141509,1,,ESP,1,1,1,1,0,0
I00031,ROSA ESTHER LOPEZ ESTRADA,760,MEX,CHIHUAHUA,1,CHIHUAHUA,1,COL LAS AGUILAS,1,CALLE ALABAMA NO 2208 COL LAS AGUILAS. CHIH,0,4167315,1,6143456211,1,rosa.lopezestrada@gmail.com,1,OXS317,20151803,NO_INFO,1000,,10,,20170106,,,20151803,1,,ESP,1,1,0,0,1,0
I00024,AIDA CERDA WAGGINES,906,MEX,COAHUILA,1,RAMOS ARIZPE,1,MANANTIALES DEL BOSQUE,1,"VIA FRANCIS 280 MANANTIALES DEL BOSQUE, RAMOS ARIZPE, COAHUILA, MEXICO, CP 25904",0,8442831229,1,8444905247,1,aidacw2401@hotmail.com,1,IXE318,20150804,NO_INFO,1000,,10,,20180110,,,20150804,1,,ESP,1,0,0,0,0,0
I00005,ROSA MARIA BARRERA OAXACA,713,MEX,D. F.,1,TLALPAN,1,JARDÍNES DEL AJUSCO,1,"CALLE TICUL 240 JARDÍNES DEL AJUSCO, MEX DF",0,5554072939,1,5556456877,1,rosimarbar@yahoo.com.mx,1,OXA319,20112308,NO_INFO,,,10, ,20190106, , ,20112308,1,,ESP,1,1,1,1,1,0
I00008,ANDREA DE LA PEÑA GARCIA,905,MEX,EDO. DE MEXICO ,1,NAUCALPAN/HUIXQUILUCAN,1,JARDINES DE LA FLORIDA/INTERLOMAS,1,"HORTENSIAS 21 JARDINES DE LA FLORIDA, NAUCALPAN, 53130 EDO DE MEXICO",0,5215555723048,1,445552979316,1,mapchirino@hotmail.com,1,NEX320,20140302,NO_INFO,1000,,10,,20180112,1000,,20140302,1,,ESP,1,1,1,1,0,0
I00036,DOLORES REYNOSO GURROLA,910,MEX,D. F.,1,BENITO JUAREZ,1,COL NAPOLES,1,"GALVESTON 59 DEPTO. 606 NAPOLES, BENITO JUAREZ, 03810 MEXICO DF",0,55233548,1,5543555500,1,d.reynoso@indecco.com.mx,1,ORS321,20140107,NO_INFO, ,,10,,20190102,1000,,20140107,1,,ESP,1,1,1,1,0,0
I00037,MONICA LUCIA RODRIGUEZ ESTRADA,910,MEX,D. F.,1,BENITO JUAREZ,1,COL NIÑOS HEROE DE CHAPULTEPEC,1,"CUMBRES DE MALTRATA 480B-45, COL. NIÑOS HEROE DE CHAPULTEPEC, BENITO JUAREZ, 03440 MEXICO DF",0, NO_INFO ,1,5534317917,1,mlr_estrada@hotmail.com,1,OCX322,20141510,NO_INFO,1000,,10,,20180107,1000,,20141510,1,,ESP,1,1,0,0,0,0
I00045,JESSICA ZYREN PUENTE AVILA,910,MEX,D. F.,1,XOCHIMILCO,1,PLAN DE JALAPA,1,PLAN DE JALAPA MZ 83 LT 5 XOCHIMILCO,0,445550748117,1,62800662,1,zyren1284@gmail.com,1,EIA323,20153001,NO_INFO, ,,10,,20190102,1000,,20153001,1,,ESP,1,1,1,0,0,0
I00049,ADRIANA MONSERRAT GARAVITO LOPEZ,905,MEX,D. F.,1,MAGDALENA CONTRERAS,1,FRACC. LA PRESILLA SAN JERONIMO LIDICE,1,2A CDA DE TATOCO S/N CASA 9 FRACC. LA PRESILLA SAN JERONIMO LIDICE,0,5527760356,1,55681806,1,adrianagaravito@yahoo.com,1,DAA324,20150601,NO_INFO,1000,,10,,20180106, ,,20150601,1,,ESP,1,0,0,0,0,0
I00050,VICTOR HUGO HERNANDEZ GUTIERREZ,910,MEX,EDO. DE MEXICO ,1,METEPEC ,1,FRACC. RINCONADA EL CASTAÑO COL. LAZARO CARDENAS,1,ALMENDROS 828 FRACC. RINCONADA EL CASTAÑO COL. LAZARO CARDENAS. METEPEC ,0,7223275687,1,5523005822,1,vhhernandez32@gmail.com,1,IOX325,20142009,NO_INFO,1000,,10, ,20180106, , ,20142009,1,,ESP,1,1,1,1,0,0
I00051,VIANCA LILIAN CAZARES LOPEZ,907,MEX,EDO. DE MEXICO ,1,NAUCALPAN/ECHEGARAY/ELECTRA,1,COL. ECHEGARAY / COL. ELECTRA,1,"HACIENDA DE CARLOME 107. HACIENDA DE ECHEGARAY, NAUCALPAN",0, NO_INFO ,1,445530454910,0,viancali@prodigy.net.mx,1,ICX326,20142909,NO_INFO,,,10,,20180112,1000,,20142909,1,,ESP,1,1,1,1,0,0
I00053,DULCE MARIA RODRIGUEZ PINEDA,910,MEX,D. F.,1,COYOACAN,1,COL ADOLFO RUÍZ CORTÍNES,1,"OMECIHUATL MANZ. 3 LOTE 12 ADOLFO RUÍZ CORTÍNES COYOACAN, CIUDAD DE MEXICO, MEXICO. CP 04630",0,5564144282,1,5564144282,1,dulrodriguez@hotmail.com,1,UEM327,20182801,NO_INFO,,,10, ,20190102,1000,,,1,,ESP,1,0,1,0,0,0
I00054,MAGALY JANET AGUILAR MARTINEZ,910,MEX,VERACRUZ,1,XALAPA,1,COL.  JOSE CARDEL,1,,0,5510801212,1,5552761276,1,magalymussa@gmail.com,1,ALX328,20153001,NO_INFO,1000,,10,,20180106,,,20153001,1,,ESP,1,1,1,1,0,0
I00058,MARIANA CLIMENT PALMER,905,MEX,D. F.,1,COYOACAN,1,COL ESPARTACO,1,CALLE 4 NO. 64,0, NO_INFO ,1,5535235090,1,climent18@hotmail.com,1,05X329,20140702,NO_INFO, ,,10,,20190102,1000,,20140702,1,,ESP,1,1,1,1,0,0
I00060,ROCIO PELAEZ LOZANO,905,MEX,EDO. DE MEXICO ,1,ATIZAPAN DE ZARAGOZA,1,FRACC.  LAS ARBOLEDAS,1,"CALLE ANCERAS NO. 43  FRACC.  LAS ARBOLEDAS  ATIZAPAN DE ZARAGOZA, 52950 ESTADO DE MEXICO  ",0,445518094041,1,53784163,1,rocio.huitron@hotmail.com,1,OOP330,20140202,NO_INFO,,,10,,20180112,1000,,20140202,1,,ESP,1,1,1,1,0,0
I00061,CAROLINA LOPEZ MERIGO,905,MEX,D. F.,1,MAGDALENA CONTRERAS,1,COL SAN JERONIMO LÍDICE,1,"HEROES DE PADIERNA NO. 5 CASA 5 SAN JERONIMO LÍDICE, MAGDALENA CONTRERAS, 10200     MEXICO DF ",0,5554046903,1,55950820,1,caro_lopezm@yahoo.com,1,ALN331,20140102,NO_INFO,1000,,10, ,20180106, , ,20140102,1,,ESP,1,1,1,1,0,0
I00062,MIGUEL ANGEL GOMEZ LORA,905,MEX,D. F.,1,MAGDALENA CONTRERAS,1,COL SAN JERONIMO LÍDICE,1,"HEROES DE PADIERNA NO. 5 CASA 5 SAN JERONIMO LÍDICE, MAGDALENA CONTRERAS, 10200     MEXICO DF ",0,5539669693,1,55950820,1,m_gomezlora@yahoo.com,1,IEX332,20140102,NO_INFO,1000,,10,,20180106,,,20140102,1,,ESP,1,1,1,1,0,0
I00072,SALVADOR JUNCO BENITEZ,760,MEX,D. F.,1,BENITO JUAREZ,1,COL NARVARTE,1,"ESPERANZA 957 INT 301, COL NARVARTE, DEL BENITO JUAREZ, MEX DF",0,63877676,1,5516920762,1,salvador@creativeworks.com.mx,1,AAO333,20150602,NO_INFO,,,10,,20180112,,,20150602,1,,ESP,1,0,1,1,0,0
I00073,SOFIA MARTINEZ GARCIA,760,MEX,EDO. DE MEXICO ,1,ECATEPEC DE MORELOS,1,COL VALLE DE SANTIAGO,1,"CALLE XOCHIMILCO MZ.9 LT31 COL. VALLE DE SANTIAGO ECATEPEC DE MORELOS, EDO DE MEXICO",0,57908619,1,5513403080,1,sofymg2501@gmail.com,1,OAM334,20150602,NO_INFO,,,10,,20180112,,,20150602,1,,ESP,1,1,1,1,0,0
I00001,NOE ESPERON HERNANDEZ,760,MEX,CIUDAD DE MEXICO,1,COYOACAN,1,SAN PABLO TEPETLAPA,1,NEZAHUALCOYOTL 10,0,6567053218,1,19158018428,1,noe_esperon@yahoo.com.mx,1,OEP335,20110101,NO_INFO,,,10,,20250102,,,20110101,1,,ESP,1,1,1,1,1,1
I00002,VERENICE CARVAJAL RANGEL,713,MEX,NUEVO LEON,1,SAN NICOLAS DE LOS GARZA,1,COL LAS PUENTES 9o SECTOR,1,,0,8112383004,1,8126553484,1,vere_carvajal@hotmail.com,1,ENC336,20111306,NO_INFO,,,10,,20250107,,,20111306,1,,ESP,1,1,1,1,1,0
I00003,NORMA LETICIA HERNANDEZ MACIAS,760,MEX,NUEVO LEON,1,SAN NICOLAS DE LOS GARZA,1,COL LAS PUENTES 2o SECTOR,1,CERRO DE MAMULIQUE 302,0,8112416783,1,,1,normahdz.vxm@gmail.com,1,OAL337,20121001,NO_INFO,,,10, ,20250102, , ,20121001,1,,ESP,1,1,1,1,1,0
I00074,LAURA VILLALPANDO LEYVA,713,MEX,NUEVO LEON,1,MONTERREY,1,COL PRIMAVERA,1,"PLAYA LA PESCA #3529 COL PRIMAVERA, MONTERREY, NL",0,8115272012,1,83939088,1,reconocete@hotmail.com,1,AAV338,20110101,NO_INFO,1000,,10,,20180110,,,20110101,1,,ESP,1,1,1,1,1,0
I00083,ALBERTO BUENTELLO CUELLAR,760,MEX,NUEVO LEON,1,NO_INFO,1,COL CD. SATELITE,1,PAJARITOS 110 COL CD SATELITE,0,8110452274,1,81036140,1,intexhc@gmail.com,1,LRO339,20121506,NO_INFO,1000,,10,,20180112,,,20121506,1,,ESP,1,1,1,1,1,0
I00088,ROXANA SALVATORI SANCHEZ,910,MEX,PUEBLA,1,CHOLULA,1,CHOLULA KM 4.5,1,"RECTA A CHOLULA KM 4.5, PUEBLA",0, NO_INFO ,1,2227654445,1,roxxsalva@gmail.com,1,ONX340,20153001,NO_INFO,1000,,10,,20180106, ,,20153001,1,,ESP,1,1,1,1,0,0
I00095,CECILIA ESPINOSA ALVAREZ,907,MEX,D. F.,1,SAN ANGEL,1,MADERO 47 TLACOPAC,1,MADERO 47 TLACOPAC  SAN ANGEL MEXICO D.F.,0,5554547437,1,56621910,1,ceci180370@hotmail.com,1,ELA341,20151904,NO_INFO,1000,,10,,20180106, ,,20151904,1,,ESP,1,1,1,0,0,0
I00099,JOSE ALFREDO PACHECO SERRANO,908,USA,TEXAS,1,EL PASO,1,6525 MESA 79912,1,,0,9158036707,1,,1,jpacheco25@att.net,1,OXL342,20151805,NO_INFO,,,10,,20180106,,,20151805,1,,ESP,1,1,0,0,0,0
I00107,DIANA ESPERANZA LOO GUEVARA,905,MEX,JALISCO,1,GUADALAJARA,1,COL ARTESANOS,1,REFORMA # 1576 SH. COL. LADRON DE GUEVARA CP 44600,0,3319152993,1,38274710,1,vicky_despacho@hotmail.com,1,IAE343,20152105,NO_INFO,,,10, ,20170112, , ,20152105,1,,ESP,1,0,0,0,0,0
I00110,MERCEDES ALEXIS CORTES SANCHEZ,905,MEX,CIUDAD DE MEXICO,1,NO_INFO,1,COL BOSQUES DE LAS LOMAS,1,BOSQUES OMBUES 221 COL BOSQUES DE LAS LOMAS,0,5512957231,1,55967595,1,alexiscortes202@hotmail.com,1,EEE344,20152105,NO_INFO,1000,,10,,20180103, ,,20152105,1,,ESP,1,0,0,0,0,0
