I01121,VANESSA DEL CARMEN CAMPOS LADRON DE GUEVARA,713,PAN,PANAMA,1,ENTRADAS BRISAS DEL GOLF,1,,1,QUINTAS DE MONTICELLO TORREMOLINOS CA 99B,0,50766123120,1,,1,vcampos@alhoapanama.com,1,VDC1111,20181006,"Panama, Panama",,CREDENCIAL TRIBUNAL ELECTORAL REPUBLICA DE PANAMA 8-484-840,8,20190101,20190107,,,,1,"QUINTAS DE MONTICELLO TORREMOLINOS CA 99B, ENTRADAS BRISAS DEL GOLF, PANAMA, PANAMA",ESP,1,0,0,0,0,0
I01122,ARGEISA NEDELSI COBOS AGUILAR ,713,PAN,PANAMA,1,TORRE PH LIMASOL,1,,1,CARRASQUILLA CALLE 65 NRO. APTO 2C,0,50764027835,1,,1,agreisac@hotmail.com,1,ANC1112,20181006,"Panama, Panama",,CREDENCIAL TRIBUNAL ELECTORAL REPUBLICA DE PANAMA 8-474-771,8,20190101,20190107,,,,1,"CARRASQUILLA CALLE 65 NRO. APTO 2C TORRE PH LIMASOL, PANAMA, PANAMA",ESP,1,0,0,0,0,0
I01123,RAQUEL MORENO QUINTERO,713,PAN,PANAMA,1,ENTRANDO POR BARRIO No.2 AL FINAL IZQUIERDA,1,,1,CAMINOS DE OMAR C 200,0,50769571145,1,,1,rakelit0293@gmail.com,1,RMQ1113,20181006,"Panama, Panama",,CREDENCIAL TRIBUNAL ELECTORAL REPUBLICA DE PANAMA 8-884-990,8,20190101,20190107,,,,1,"CAMINOS DE OMAR C 200, ENTRANDO POR BARRIO No.2 AL FINAL IZQUIERDA, PANAMA, PANAMA",ESP,1,0,0,0,0,0
I01124,LORENA PIERLUISSI RAMIREZ,713,PAN,ALTOS DE PANAMA,1,EDIFICIO PH McGREGOR VALLEY,1,,1,APARTAMENTO 6-B DE LA TORRE 2,0,50769551983,1,,1,lpierluissiramirez@gmail.com,1,LPR1114,20181006,"Panama, Panama",,PASAPORTE DE REPUBLICA BOLIVARIANA DE VENEZUELA No 141108979,8,20190101,20190107,,,,1,"APARTAMENTO 6-B DE LA TORRE 2, EDIFICIO PH McGREGOR VALLEY, ALTOS DE PANAMA, PANAMA",ESP,1,0,0,0,0,0
I01125,DIEGO ANDRES FLORES LUNA,713,URY,CIUDAD PAYSANDU,1,DEPARTAMENTO PAYSANDU,1, ESQUINA AVENIDA ENRIQUE CHAPLIN,1,CALLE 25 DE MAYO 2389 CASA 2,0,59898595579,1,,1,biodiegoflores@gmail.com,1,DAF1115,20181706,"Montevideo, Uruguay",,DOCUMENTO DE IDENTIDAD DE REPUBLICA ORIENTAL DEL URUGUAY 4 362 753 4,8,20190101,20190107,,,,1,"CALLE 25 DE MAYO 2389 CASA 2 ESQUINA AVENIDA ENRIQUE CHAPLIN, DEPARTAMENTO PAYSANDU, CIUDAD PAYSANDU, URUGUAY",ESP,1,0,0,0,0,0
I01126,ANA CLAUDIA PIANO VANOLI,713,URY,CANELONES,1,SANTA LUCIA,1,,1,"CL PECOCHE, JUAN P5927U M167 S23",0,59899568723,1,,1,cepia7@gmail.com,1,ACO1116,20181706,"Montevideo, Uruguay",,DOCUMENTO DE IDENTIDAD DE REPUBLICA ORIENTAL DEL URUGUAY 2 902 520 5,8,20190101,20190107,,,,1,"CL PECOCHE, JUAN P5927U M167 S23, SANTA LUCIA, CANELONES URUGUAY",ESP,1,0,0,0,0,0
I01127,SERGIO ALFREDO MARINI,713,ARG,BUENOS AIRES,1,CIUDADELA 3 DE FEBRERO,1,,1,248 PALACIOS 244 PALT (1702) ,0,5491126974693,1,,1,sergiomarinitalleres@gmail.com,1,ASM1117,20181706,"Montevideo, Uruguay",,REGISTRO NACIONAL DE REPUBLICA ARGENTINA 24 665 975,8,20190101,20190107,,,,1,"248 PALACIOS 244 PALT (1702) CIUDADELA 3 DE FEBRERO, BUENOS AIRES, ARGENTINA",ESP,1,0,0,0,0,0
I01128,JOSE DANIEL LAPASTA SACCO,713,URY,CANELONES,1,SANTA LUCIA,1,CP 90261-00362,1,"CL ALMIRATI, JUAN 0264",0,59891301570,1,,1,attzo@hotmail.com,1,JDP1118,20181706,"Montevideo, Uruguay",,DOCUMENTO DE IDENTIDAD DE REPUBLICA ORIENTAL DEL URUGUAY 3 874 312 9,8,20190101,20190107,,,,1,"CL ALMIRATI, JUAN 0264, SANTA LUCIA, CP 90261-00362, CANELONES, URUGUAY",ESP,1,0,0,0,0,0
I01129,MARIA JOSE AREZO REZZA,713,URY,PLAYA PASCUAL SAN JOSE,1,CL LOS TRICOLORES,1,,1,PLAYA PASCUAL P2936U M31 S6,0,59894050565,1,,1,mjarezo@gmail.com,1,MJA1119,20181706,"Montevideo, Uruguay",,DOCUMENTO DE IDENTIDAD DE REPUBLICA ORIENTAL DEL URUGUAY 1 850 276 9,8,20190101,20190107,,,,1,"CL LOS TRICOLORES, PLAYA PASCUAL P2936U M31 S6, PLAYA PASCUAL SAN JOSE, URUGUAY",ESP,1,0,0,0,0,0
I01130,SOLEDAD PINTOS MARIN,713,URY,MONTEVIDEO,1,PASO MOLINO,1,ESQUINA PILAR COSTA,1,INDIA MUERTA 4031 ,0,59894385380,1,,1,epitycreativos@gmail.com,1,SPM1120,20181706,"Montevideo, Uruguay",,DOCUMENTO DE IDENTIDAD DE REPUBLICA ORIENTAL DEL URUGUAY 3 545 680 2,8,20190101,20190107,,,,1,"INDIA MUERTA 4031, ESQUINA PILAR COSTA, PASO MOLINO, MONTEVIDEO, URUGUAY",ESP,1,0,0,0,0,0
I01131,PABLO SEBASTIAN AGUERO SANDOVAL,713,ECU,QUITO,1,LLANO CHICO,1, Y LOS CIPRESES,1,17 DE SEPTIEMBRE NI-188,0,593987080824,1,,1,paguero092015@gmail.com,1,PDA1121,20182406,"Quito, Ecuador",,DOCUMENTO DE IDENTIFICACION DE REPUBLICA DEL ECUADOR 171208349-0,8,20190101,20190107,,,,1,"17 DE SEPTIEMBRE, NI-188 Y LOS CIPRESES, LLANO CHICO, QUITO, ECUADOR",ESP,1,0,0,0,0,0
I01132,MAAIKE CECILIA DAMHUIS,713,ECU,IMBABURA,1,OTAVALO,1,PECUCHE,1,CALLE CHASQUI Y CORAZA B S/N,0,593991179750,1,,1,mcdamhuis@yahoo.com,1,MCD1122,20182406,"Quito, Ecuador",,DOCUMENTO DE IDENTIFICACION DE REPUBLICA DEL ECUADOR 172068853-8,8,20190101,20190107,,,,1,"CALLE CHASQUI Y CORAZA B S/N, PECUCHE, OTAVALO, IMBABURA, ECUADOR",ESP,1,0,0,0,0,0
I01133,SYLVIA MERCEDES CALERO SALGUERO,713,ECU,QUITO,1,CONOCOTO,1,LOVATO,1,E2 SUCRE 57-10 S7,0,593989295073,1,,1,mercal2015ec@gmail.com,1,SMC1123,20182406,"Quito, Ecuador",,DOCUMENTO DE IDENTIFICACION DE REPUBLICA DEL ECUADOR 170734364-4,8,20190101,20190107,,,,1,"E2 SUCRE 57-10 S7, LOVATO, CONOCOTO, QUITO, ECUADOR",ESP,1,0,0,0,0,0
I01134,ESTEVAN RICARDO RUEDA ALBU,713,ECU,QUITO,1,SAN RAFAEL ,1,VALLE DE LOS CHILLOS,1,CALLE PASTAZA 210 Y RIO ZAMORA,0,593984885884,1,,1,estevanrueda700@gmail.com,1,ERR1124,20182406,"Quito, Ecuador",,DOCUMENTO DE IDENTIFICACION DE REPUBLICA DEL ECUADOR 010318265-5,8,20190101,20190107,,,,1,"VALLE DE LOS CHILLOS, SAN RAFAEL, CALLE PASTAZA 210 Y RIO ZAMORA, QUITO, ECUADOR ",ESP,1,0,0,0,0,0
I01135,LUIS IVAN RODRIGUEZ ABAD,713,ECU,QUITO,1,CENTRO HISTORICO,1,ENTRE ORIENTE Y GALAPAGOS,1,VARGAS N10-63,0,593992931419,1,,1,info.psycomotivarte@gmail.com,1,LIA1125,20182406,"Quito, Ecuador",,DOCUMENTO DE IDENTIFICACION DE REPUBLICA DEL ECUADOR 171516268-9,8,20190101,20190107,,,,1,"VARGAS N10-63 ENTRE ORIENTE Y GALAPAGOS, CENTRO HISTORICO, QUITO, ECUADOR",ESP,1,0,0,0,0,0
I01136,ARACELI MENA DE JUAREZ,908,USA,TEXAS,1,EL PASO,1,79936,1,12205 EL GRECO CIR,0,9152822156,1,,1,araceli_mena0571@outlook.com,1,AJM1126,20181806,"Ciudad Juárez, Chihuahua",,DOCUMENTO DE IDENTIDAD DE USA 097-539-110,8,20190101,20190107,,,,1,"12205 EL GRECO CIR, EL PASO, TEXAS, ESTADOS UNIDOS 79936",ESP,1,0,0,0,0,0
I01137,CLAUDIA MIREYA ZARATE,908,USA,TEXAS,1,EL PASO,1,79905,1,163 ANITA CIR,0,9154222817,1,,1,zaratecm@yahoo.com,1,CZM1127,20181806,"Ciudad Juárez, Chihuahua",,LICENCIA DE CONDUCIR DE TEXAS 17515507,8,20190101,20190107,,,,1,"163 ANITA CIR, EL PASO, TEXAS, ESTADOS UNIDOS, 79905",ESP,1,0,0,0,0,0
I01139,YORLENY MARIA FIGUEROA VEGA,906,CRI,HEREDIA,1,EL PALMAR DEL CEUNA ,1,800NE,1,HACIENDA SAN RAFAEL ,0,50688958716,1,,1,yorlenymfigueroa@yahoo.com,1,YFM1129,20180206,"Chihuahua, Chihuahua",,PASAPORTE DE LA REPUBLICA DE COSTA RICA F095022,8,20190101,20190107,,,,1,"HDIA SAN RAFAEL EL PALMAR DEL CEUNA 800NE, , HEREDIA DE LA REPUBLICA DE COSTA RICA",ESP,1,0,0,0,0,0
I01140,MARIA VAZQUEZ GARCIA,760,MEX,CAMPECHE,1,CD DEL CARMEN,1,FRACC. SAN JOAQUIN,1,SAN ROMAN MZA 1 LOTE 5,0,5219381291250,1,,1,dra.mariavazquezgarcia@gmail.com,1,MGA1130,20180807,"Ciudad de México, México",,CREDENCIAL PARA VOTAR IFE CLAVE: VZGRMR70030630,8,20190102,20190108,,,,1,"SAN ROMAN MZA 1 LOTE 5, FRACC. SAN JOAQUIN, CIUDAD DEL CARMEN, CAMPECHE, MEXICO, CP 24157",ESP,1,0,0,0,0,0
I01141,VALERIA DE LA ROSA FRISCIONE,760,MEX,CDMX,1,HUIXQUILUCAN,1,FRACC. BOSQUES DE LA HERRADURA,1,BOSQUE DE SANTUARIO 2,0,5215543594512,1,,1,valeriadelarose@hotmail.com,1,VRF1131,20180807,"Ciudad de México, México",,CREDENCIAL PARA VOTAR INE CLAVE: RSFRVL72040509M800,8,20190102,20190108,,,,1,"BOSQUE DE SANTUARIO 2, FRACC. BOSQUES DE LA HERRADURA, HUIXQUILUCAN, CIUDAD DE MEXICO, MEXICO, CP 52783",ESP,1,0,0,0,0,0
I01142,TZIRANDA TERESA HERNANDEZ DORING,760,ESP,BARCELONA,1,AV. PEDRALBES,1,,1,"56, 5-2",0,34687536635,1,,1,tziranda@gmail.com,1,TEH1132,20180807,"Ciudad de México, México",,PASAPORTE MEXICANO 08480023774,8,20190102,20190108,,,,1,"AV. PEDRALBES, 56 5-2, BARCELONA, ESPAÑA 08034",ESP,1,0,0,0,0,0
I01143,ADRIANA JUAREZ SANDOVAL,760,MEX,CDMX,1,ALVARO OBREGON,1,COL. CAROLA,1,"AVENIDA SAN ANTONIO (EJE 5 SUR) 7, DEPARTAMENTO 1601",0,5554311039,1,,1,adrianajs6@hotmail.com,1,ASJ1133,20180807,"Ciudad de México, México",,CREDENCIAL PARA VOTAR INE CLAVE: JRSNAD71110609M500,8,20190102,20190108,,,,1,"AVENIDA SAN ANTONIO (EJE 5 SUR) 7, DEPARTAMENTO 1601, COL. CAROLA, ALVARO OBREGON, CIUDAD DE MEXICO, MEXICO, CP 01180",ESP,1,0,0,0,0,0
I01144,LISSETTE PAOLA CARRANZA GARCIA,760,MEX,CDMX,1,ATIZAPAN DE ZARAGOZA,1,FRACC. LAS ALAMEDAS,1,PATOS 43 MZ 47 LT 33,0,5515853597,1,,1,liz.pcg@gmail.com,1,LCP1134,20180807,"Ciudad de México, México",,CREDENCIAL PARA VOTAR IFE CLAVE: CRGRLS81102209M200,8,20190102,20190108,,,,1,"PATOS 43 MZ 47 LT 33, FRACC. LAS ALAMEDAS, ATIZAPAN DE ZARAGOZA, CIUDAD DE MEXICO, MEXICO, CP 52970",ESP,1,0,0,0,0,0
I01145,CECILIA EUGENIA GARCIA ROMERO,760,MEX,CDMX,1,NAUCALPA,1,COL. ECHEGARAY,1,HACIENDA DE LA TRASQUILA No.132,0,5534085801,1,,1,cecilia_garcia77@yahoo.com.mx,1,CGR1135,20180807,"Ciudad de México, México",,PASAPORTE MEXICANO G08799027,8,20190102,20190108,,,,1,"HACIENDA DE LA TRASQUILA No.132, COL. ECHEGARAY, NAUCALPAN, CIUDAD DE MEXICO, MEXICO, CP 53300",ESP,1,0,0,0,0,0
I01146,LILIA ROSAS GOMEZ,760,MEX,CDMX,1,XOCHIMILCO,1,PBLO. STA. MARIA NATIVITAS,1,CDA 1RA DE AVE JUAREZ 3,0,5537241143,1,,1,luzdeluna_lili@yahoo.com.mx,1,LGR1136,20180807,"Ciudad de México, México",,CREDENCIAL PARA VOTAR INE CLAVE: RSGMLL68122209M700,8,20190102,20190108,,,,1,"CDA 1RA DE AVE JUAREZ 3, PBLO. STA. MARIA NATIVITAS, XOCHIMILCO, CIUDAD DE MEXICO, MEXICO, CP 16450",ESP,1,0,0,0,0,0
I01147,GEHOVELL SERRATO,760,USA,CALIFORNIA,1,CAMBELL,1,95008,1,66 SHELLEY AVE,0,14083577901,1,,1,g.serrato@icloud.com,1,GTS1137,20180807,"Ciudad de México, México",,LICENCIA DE CONDUCIR DE CALIFORNIA USA A1390039,8,20190102,20190108,,,,1,"66 SHELLEY AVE, CAMPBELL CA, USA 95008",ESP,1,0,0,0,0,0
I01148,BLADIMIR MASCAREÑO VAZQUEZ,760,MEX,SINALOA,1,COL. LOMBARDO TOLEDANO,1,COL. LOMBARDO TOLEDANO,1,REY GASPAR 4257,0,6677460405,1,,1,bladimir.mascareno@yahoo.com,1,BVM1138,20182907,"Ciudad de México, México",,CREDENCIAL PARA VOTAR IFE CLAVE: MSVZBL73101605H500,8,20190102,20190108,,,,1,"REY GASPAR 4257, COL. LOMBARDO TOLEDANO, CULIACAN, SINALOA, MEXICO, CP 80010",ESP,1,0,0,0,0,0
I01149,HILDA ESPERANZA SILVA TOVAR,760,MEX,CDMX,1,CUAUHTEMOC,1, U. HAB. TLATELOLCO,1,"MANUEL GONZALEZ 50, EDIF. YUCATAN ENT. B DEPTO. 206",0,5573776098,1,,1,hildesi@yahoo.com.mx,1,HEO1139,20182907,"Ciudad de México, México",,CREDENCIAL PARA VOTAR IFE CLAVE: SLTVHL51101511M400,8,20190102,20190108,,,,1,"MANUEL GONZALEZ 50, EDIF. YUCATAN ENT. B DEPTO. 206, U. HAB. TLATELOLCO, CUAUHTEMOC, CIUDAD DE MEXICO, MEXICO, CP 06900",ESP,1,0,0,0,0,0
I01150,YINA FABIOLA MUÑOZ PINEDA,760,MEX,CAMPECHE,1,CARMEN,1,COL. MIAMI,1,PRIV. AGRARISTA 25,0,9381060326,1,,1,yinamupy@gmail.com,1,YME1140,20182907,"Ciudad de México, México",,CREDENCIAL PARA VOTAR IFE CLAVE: MZPNYN68022730M800,8,20190102,20190108,,,,1,"PRIV. AGRARISTA 25, COL. MIAMI, CARMEN, CAMPECHE, MEXICO, CP 24115",ESP,1,0,0,0,0,0
I01151,ROSARIO DE LOURDES BENAVIDES PEÑA,760,MEX,JALISCO,1,TLAPA DE ALLENDE,1,COL. CENTRO,1,PROL. 20 DE NOVIEMBRE 34,0,3881037946,1,,1,velasco.c.david@gmail.com,1,RBN1141,20182907,"Ciudad de México, México",,CREDENCIAL PARA VOTAR IFE CLAVE: BNPERS63020914M900,8,20190102,20190108,,,,1,"PROL. 20 DE NOVIEMBRE 34, COL. CENTRO. TLAPA DE ALLENDE, JALISCO, MEXICO, CP 48200",ESP,1,0,0,0,0,0
I01152,DAVID VELASCO CASTILLO,760,MEX,JALISCO,1,TLAPA DE ALLENDE,1,COL. CENTRO,1,PROL. 20 DE NOVIEMBRE 34,0,3881037946,1,,1,velasco.c.david@gmail.com,1,DAC1142,20182907,"Ciudad de México, México",,CREDENCIAL PARA VOTAR IFE CLAVE: VLCSDV58031014H600,8,20190102,20190108,,,,1,"PROL. 20 DE NOVIEMBRE 34, COL. CENTRO. TLAPA DE ALLENDE, JALISCO, MEXICO, CP 48200",ESP,1,0,0,0,0,0
I01153,YANETH MENESES MORENO,760,MEX,CDMX,1,NO_INFO,1,COL. LOMAS DE SOTELO,1,"EDIFICIO F, U. HABITACIONAL MILITAR 1-LOMAS DE SOTELO-I, VIVIENDA 16, AV. ABRAHAM CEPEDA S/N",0,5531488334,1,,1,juillet_305@hotmail.es,1,CMS1143,20182907,"Ciudad de México, México",,CEDULA DE LA SEP 09583197,8,20190102,20190108,,,,1,"EDIFICIO F, U. HABITACIONAL MILITAR 1-LOMAS DE SOTELO-I, VIVIENDA 16, AV. ABRAHAM CEPEDA S/N, COL. LOMAS DE SOTELO, CIUDAD DE MEXICO, MEXICO, CP 11200",ESP,1,0,0,0,0,0
I01154,YARELI MUÑOZ MORALES,760,MEX,CDMX,1,IZTAPALAPA,1,BARR. SAN MIGUEL,1,MINA 62 EDIF 3 B No. 331,0,5538580226,1,,1,bellalunazul@gmaol.com,1,ECS1144,20182907,"Ciudad de México, México",,CREDENCIAL PARA VOTAR IFE CLAVE: MZMRYR73031917M200,8,20190102,20190108,,,,1,"MINA 62 EDIF 3 B No. 331, BARR. SAN MIGUEL, IZTAPALAPA, CIUDAD DE MEXICO, MEXICO, CP 09360",ESP,1,0,0,0,0,0
I01155,JOHN JAIRO PEREZ TOLEDO,760,USA,TEXAS,1,CYPRESS,1,77433,1,19510 WINSTON HILL DR,0,2819047823,1,,1,perezjohn876@aol.com,1,GSC1145,20182907,"Ciudad de México, México",,LICENCIA DE CONDUCIR DE TEXAS No. 10565271,8,20190102,20190108,,,,1,"19510 WINSTON HILL DR, CYPRESS TEXAS 77433, ESTADOS UNIDOS",ESP,1,0,0,0,0,0
I01156,ALFREDO MANZANO DELGADILLO,760,MEX,CDMX,1,NO_INFO,1,COL. GUERRERO,1,"CALLE GENERAL REGULES 12, EDI MODULO B, DEP 102 INT",0,5528631793,1,,1,alfredomanzano777@gmail.com,1,SEF1146,20182907,"Ciudad de México, México",,CREDENCIAL PARA VOTAR INE CLAVE: MNDLAL76061509H400,8,20190102,20190108,,,,1,"CALLE GENERAL REGULES 12, EDI MODULO B, DEP 102 INT. COL. GUERRERO, CIUDAD DE MEXICO, MEXICO, CP 06300",ESP,1,0,0,0,0,0
I01157,ERIKA LIZETH LEAL MONTES DE OCA,760,MEX,CDMX,1,TULTEPEC,1,FRACC. HDA. EL JARDIN,1,MZ 15 LT 22 C 318,0,5543907478,1,,1,eri772177@gmail.com,1,CSD1147,20182907,"Ciudad de México, México",,CREDENCIAL PARA VOTAR INE CLAVE: LLMNER90012109M200,8,20190102,20190108,,,,1,"MZ 15 LT 22 C 318, FRACC. HDA. EL JARDIN. TULTEPEC, CIUDAD DE MEXICO, MEXICO, CP 54960",ESP,1,0,0,0,0,0
I01158,SUSANA ZARATE RAMIREZ,760,MEX,CDMX,1,IXTAPALUCA,1, FRACC. LOS HEROES,1,MIGUEL HIDALGO MZ 27 LT 34 CS 11,0,5533031360,1,,1,suzar80@hotmail.com,1,CDA1148,20182907,"Ciudad de México, México",,CREDENCIAL PARA VOTAR INE CLAVE: ZRRMSS78082109M200,8,20190102,20190108,,,,1,"MIGUEL HIDALGO MZ 27 LT 34 CS 11, FRACC. LOS HEROES, IXTAPALUCA, CIUDAD DE MEXICO, MEXICO, CP 56530",ESP,1,0,0,0,0,0
I01159,ARTURO RODRIGUEZ FERNANDEZ,760,MEX,CDMX,1,TULTITLAN,1,COL. EX HACIENDA CASCO LA MARISCALA,1,AMADA 38 MZ 5 LT 4,0,5568622334,1,,1,arturorfernandez4@hotmail.com,1,CSG1149,20182907,"Ciudad de México, México",,CREDENCIAL PARA VOTAR IFE CLAVE: RDFRAR56040409H900,8,20190102,20190108,,,,1,"AMADA 38 MZ 5 LT 4, COL. EX HACIENDA CASCO LA MARISCALA, TULTITLAN, CIUDAD DE MEXICO, MEXICO, CP 54949",ESP,1,0,0,0,0,0
I01160,WILMER MAMANI AYCACHI,760,PER,AYACUCHO,1,NO_INFO,1,JR MANCO CAPAC 376,1,JR MANCO CAPAC 376,0,51966102063,1,,1,wilmani@hotmail.com,1,ECS1150,20182907,"Ciudad de México, México",,DOCUMENTO NACIONAL DE IDENTIDAD DNI 28308802-8,8,20190102,20190108,,,,1,"JR MANCO CAPAC 376, AYACUCHO, PERU",ESP,1,0,0,0,0,0
I01161,FRINE ZONIA QUISPE TAYPE,760,PER,AYACUCHO,1,NO_INFO,1,JR MANCO CAPAC 376,1,JR MANCO CAPAC 376,0,51966102063,1,,1,wilmani@hotmail.com,1,SEF1151,20182907,"Ciudad de México, México",,DOCUMENTO NACIONAL DE IDENTIDAD DNI 28294862-7,8,20190102,20190108,,,,1,"JR MANCO CAPAC 376, AYACUCHO, PERU",ESP,1,0,0,0,0,0
I01162,JOSE LUIS ALVARENGA HERNANDEZ,760,MEX,CHIHUAHUA,1,CIUDAD JUAREZ,1,COL. CARLOS CASTILLA PEDRAZA,1,FERNANDO VILLALOBOS 3055 6,0,9154963595,1,,1,jalva292@yahoo.com,1,DWS1152,20182907,"Ciudad de México, México",,CREDENCIAL PARA VOTAR IFE CLAVE: ALHRLS60073116H600,8,20190102,20190108,,,,1,"FERNANDO VILLALOBOS 3055 6, COL. CARLOS CASTILLA PEDRAZA, CIUDAD JUAREZ, CHIHUAHUA, MEXICO, CP 32575",ESP,1,0,0,0,0,0
I01163,LUDMILLA RODRIGUES LIMA,760,ESP,MADRID,1,ARAVACA,1, 8 PORTAL M 3B,1,CALLE CARRIL DE LOS CALEROS,0,34666551133,1,,1,milalima77@gmail.com,1,DAE1153,20182907,"Ciudad de México, México",,PASAPORTE DE ESPAÑA No. AAG407489,8,20190102,20190108,,,,1,"CALLE CARRIL DE LOS CALEROS, 8 PORTAL M 3B, ARAVACA, MADRID, ESPAÑA, CP 28023",ESP,1,0,0,0,0,0
I01164,CONNIE CATTER,760,USA,FLORIDA,1,PEMBROKE PINES,1,APT 214,1,7401 PINES BLVD,0,15612311631,1,,1,congir1664@gmail.com,1,GEA1154,20182907,"Ciudad de México, México",,LICENCIA DE CONDUCIR DE FLORIDA No. C360-100-49-792-0,8,20190102,20190108,,,,1,"7401 PINES BLVD, APT 214, PEMBROKE PINES, FLORIDA, ESTADOS UNIDOS, 33024",ESP,1,0,0,0,0,0
I01165,LINA GARZA FAUSTO,760,MEX,CDMX,1,BENITO JUAREZ,1,COL. NAPOLES,1,DALLAS 60 101,0,5544522690,1,,1,garzalina@gmail.com,1,GSC1155,20182907,"Ciudad de México, México",,CREDENCIAL PARA VOTAR IFE CLAVE: GRFSLN53053105M600,8,20190102,20190108,,,,1,"DALLAS 60 101, COL. NAPOLES, BENITO JUAREZ, CIUDAD DE MEXICO, MEXICO, CP 03810",ESP,1,0,0,0,0,0
I01166,MARYNA SELIVANOVA,760,MEX,JALISCO,1,TLAJOMULCO DE ZUÑIGA,1,SAN AGUSTIN,1,CAM REAL A COLIMA 3020 INT. 25,0,5526960317,1,,1,marinavardo@yahoo.com,1,HEO1156,20182907,"Ciudad de México, México",,PASAPORTE DE LA FEDERACION RUSA No 530861040,8,20190102,20190108,,,,1,"CAM REAL A COLIMA 3020 INT. 25, SAN AGUSTIN, TLAJOMULCO DE ZUÑIGA, JALISCO, MEXICO, CP 45645",ESP,1,0,0,0,0,0
I01167,MAYRA CLARA AMADOR GRAULLERA,760,MEX,QUERETARO,1,CORREGIDORA,1,FRACC. LAS TROJES,1,TROJE DE PEDRICEÑA 59,0,4423241565,1,,1,mas.mayra4255@gmail.com,1,FSR1157,20182907,"Ciudad de México, México",,CREDENCIAL PARA VOTAR IFE CLAVE: AMGRMY61011209M300,8,20190102,20190108,,,,1,"TROJE DE PEDRICEÑA 59, FRACC. LAS TROJES, CORREGIDORA, QUERETARO, MEXICO, CP 76914",ESP,1,0,0,0,0,0
I01168,BERENICE TORRES ESPERANZA,760,MEX,CDMX,1,SAN LORENZO TEZONICO,1,SANTIAGO ZAPOTITLAN,1,MIGUEL NEGRETE 40,0,5531347573,1,,1,bere.torres.2707@gmail.com,1,FRT1158,20182907,"Ciudad de México, México",,CREDENCIAL PARA VOTAR INE CLAVE: TRESBR78072709M000,8,20190102,20190108,,,,1,"MIGUEL NEGRETE 40, SANTIAGO ZAPOTITLAN, , SAN LORENZO TEZONCO, CIUDAD DE MEXICO, MEXICO, CP 13300",ESP,1,0,0,0,0,0
I01169,YOLANDA PALOMA GUTIERREZ OTERO,760,MEX,CDMX,1,ALVARO OBREGON,1,SANTA FE,1,AV. B QUINTANILLA 105 14 TORRE A,0,5519526063,1,,1,palomagutierrez@yahoo.com,1,HSF1159,20182907,"Ciudad de México, México",,CREDENCIAL PARA VOTAR IFE CLAVE: GTOTYL73052209M500,8,20190102,20190108,,,,1,"AV. B QUINTANILLA 105 14 TORRE A, ALVARO OBREGON, CIUDAD DE MEXICO, MEXICO, CP 01219",ESP,1,0,0,0,0,0
I01170,ROBERTO RODRIGUEZ REY MORENO,760,ESP,CASTILLA LA MANCHA,1,CIUDAD REAL,1,MALAGON,1,"13420 AV. FUNDADORES COOPERATIVA, 25",0,34625299374,1,,1,facilblanco@gmail.com,1,FJJ1160,20182907,"Ciudad de México, México",,PASAPORTE DE ESPAÑA No. PAG441933,8,20190102,20190108,,,,1,"13420 AV. FUNDADORES COOPERATIVA, 25. MALAGON, CIUDAD REAL, CASTILLA LA MANCHA, ESPAÑA",ESP,1,0,0,0,0,0
I01171,ALEJANDRO PEREZ RENEAUM,760,MEX,JALISCO,1,GUADALAJARA,1,LADRON DE GUEVARA,1,MORELOS1965 INTERIOR A,0,5536735505,1,,1,apreneaum@hotmail.com,1,SDF1161,20182907,"Ciudad de México, México",,CREDENCIAL PARA VOTAR IFE CLAVE: PRRNAL74122209H800,8,20190102,20190108,,,,1,"MORELOS1965 INTERIOR A, LADRON DE GUEVARA, GUADALAJARA, JALISCO, MEXICO, CP 44600",ESP,1,0,0,0,0,0
