I00767,PEDRO ANDRES BORJA AVILES,760,ECU,GUAYAQUIL,1,GUAYAS,1,URB. LAGO DE CAPEIRA UNA VILLA,1,"URB. LAGO DE CAPEIRA ETAPA VIII MZ 10 SOLAR 158, GUAYAQUIL, ECUADOR",0,593985460898,1,,1,pedroaborja@me.com,1,EOA756,20170105,NO_INFO,,CEDULA DE CIUDADANIA REPUBLICA DE ECUADOR 170708973-4,10,,20180106,,,20170105,1,,ESP,1,0,0,0,0,0
I00768,DANIEL GONZALO EDY MALDONADO ARANDIA,760,BOL,COCHABAMBA,1,COCHABAMBA,1, ,1,"EDIFICIO SOL DEL NORTE 2173, DTO 6A",0,59178309001,1,,1,dgma_bb@hotmail.com,1,AEX757,20170805,NO_INFO,,"CEDULA DE IDENTIDAD 2880300 DE COCHABAMBA, BOLIVIA",10, ,20180106, , ,20170805,1,,ESP,1,0,0,0,0,0
I00769,EVELINE MILENKA BALLESTEROS HINOJOSA,760,BOL,COCHABAMBA,1,COCHABAMBA,1, ,1,"EDIFICIO SOL DEL NORTE 2173, DTO 6A",0,59178320735,1,,1,eveline-m@outlook.com,1,VIE758,20170805,NO_INFO,,"CEDULA DE IDENTIDAD 4481698 DE COCHABAMBA, BOLIVIA",10,,20180106,,,20170805,1,,ESP,1,0,0,0,0,0
I00770,GRACIELA LINAREZ QUIROGA,760,BOL,SANTA CRUZ DE LA SIERRA,1,SANTA CRUZ DE LA SIERRA,1, ,1,6to ANILLO AV/PERIMETRAL COND. LAS MARGARITAS,0,59168222296,1,,1,graciela.bolivia@gmail.com,1,RIL759,20170805,NO_INFO,,"CEDULA DE IDENTIDAD 2605843 DE LA PAZ, BOLIVIA",10,,20180106,,,20170805,1,,ESP,1,0,0,0,0,0
I00771,MARÍA DE LA SIERRA JIMÉNEZ ROJAS,760,BOL,SANTA CRUZ DE LA SIERRA,1,SANTA CRUZ DE LA SIERRA,1, ,1,"BARRIO FERBO, AVENIDA PERIMETRAL NUM. 24",0,59176501123,1,,1,madelasierra@hotmail.com,1,AAD760,20170805,NO_INFO,,"CEDULA DE IDENTIDAD 3484723 DE LA PAZ, BOLIVIA",10,,20180106,,,20170805,1,,ESP,1,0,0,0,0,0
I00772,ROXANA TICONA QUINO,760,BOL,SANTA CRUZ DE LA SIERRA,1,SAMAIPATA,1, ,1,CALLE FINAL AURELIO TAPIA S/N,0,59172015318,1,,1,roxana.ticona.quino@gmail.com,1,ONX761,20170805,NO_INFO,,"CEDULA DE IDENTIDAD 4805915 DE LA PAZ, BOLIVIA",10,,20180106,,,20170805,1,,ESP,1,0,0,0,0,0
I00773,ROSA MARA BALANZA GOMES,760,BOL,LA PAZ,1,LA PAZ,1,PROVINCIA MURILLO,1,AUQUISAMAÑA CALLE 1,0,59178510189,1,,1,chossibalanza@yahoo.com.br,1,OXA762,20170805,NO_INFO,1000,"CEDULA DE IDENTIDAD 2282350 DE LA PAZ, BOLIVIA",10,,20190106,,,20170805,1,,ESP,1,0,0,0,0,0
I00774,ALEXANDRA GILDA BERTA STALH ORDOÑEZ,760,BOL,SANTA CRUZ DE LA SIERRA,1,SAMAIPATA,1,,1,CALLE SUCRE 70,0,59173646856,1,,1,alexandrastahl@gmail.com,1,LAD763,20170805,NO_INFO,,"CEDULA DE IDENTIDAD 3149055 DE COCHABAMBA, BOLIVIA",10, ,20180106, , ,20170805,1,,ESP,1,0,0,0,0,0
I00775,ANA LINA BERNAL CAMPOS,909,MEX,CIUDAD DE MEXICO,1,BENITO JUAREZ,1,"DEL VALLE SUR, CODIGO POSTAL 03104",1,JOSE LINARES 1635 CASA 3,0,5510489765,1,,1,bernal_ana@hotmail.com,1,NLN764,20171405,NO_INFO,,IFE BRCMAN73112009M600,10,,20180106,,,20171405,0,,ESP,1,0,0,0,0,0
I00776,ALEJANDRA GUILLEN BAYARDO,909,MEX,ESTADO DE MEXICO,1,CUAUTITLAN IZCALLI,1,"BOSQUES DEL LAGO, CODIGO POSTAL 54760",1,"CTO BOSQUES DE BOLOGNIA, PLAZA CASA BLANCA, LOCAL 15-B",0,5543548347,1,,1,bayard.aleguillen@gmail.com,1,LAD765,20171405,NO_INFO,,CÉDULA PROFESIONAL: 10310825,10,,20180106,,,20171405,1,,ESP,1,0,0,0,0,0
I00777,FERNANDO CHAPA NAVA,909,MEX,ESTADO DE MEXICO,1,CUAUTITLAN IZCALLI,1,"BOSQUES DEL LAGO, CODIGO POSTAL 54760",1,"CTO BOSQUES DE BOLOGNIA, PLAZA CASA BLANCA, LOCAL 15-B",0,5543548347,1,,1,bayard.aleguillen@gmail.com,1,EAD766,20171405,NO_INFO,,CÉDULA PROFESIONAL: 10310826,10,,20180106,,,20171405,1,,ESP,1,0,0,0,0,0
I00778,ISRAEL MONSERRANT PALMA LUCERO,908,MEX,CHIHUAHUA,1,CIUDAD JUAREZ,1,"SUR DEL REAL, CODIGO POSTAL 32660",1,CL IXCOATL 6942,0,6561623435,1,,1,israel_palma@yahoo.com,1,SEX767,20171505,NO_INFO,,IFE PLLCIS76062208H000,10,,20180106,,,20171505,1,,ESP,1,0,0,0,0,0
I00779,LOIDA EUNICE LARA VILLARREAL,908,MEX,CHIHUAHUA,1,CIUDAD JUAREZ,1,"FRACC. SAN ANGEL, CODIGO POSTAL 32380",1,NORBERTO HERNANDEZ 5629,0,6566385485,1,,1,Junicelavi@outlook.com,1,OAE768,20171505,NO_INFO,,IFE LRVLLD74052708M900,10,,20180106,,,20171505,1,,ESP,1,0,0,0,0,0
I00782,CARMINA ISELA SERNA GARCIA,908,MEX,CHIHUAHUA,1,BUENAVENTURA,1,"COL. CENTRO, CÓDIGO POSTAL 31890",1,ALLENDE 1,0,6144065011,1,,1,c.sernag04@gmail.com,1,AIA771,20170805,NO_INFO,,IFE SRGRCR79102608M400,10,,20180106,,,20170805,1,,ESP,1,0,0,0,0,0
I00783,MARIA ALMA CINCO ZAMARRON,908,MEX,CHIHUAHUA,1,DELICIAS,1,"FRACC. IMPERIAL, CODIGO POSTAL 33000",1,CALLE 17 NORTE NUMERO 509,0,6395018450,1,,1,vivirbienendelicias2@hotmail.com,1,AAA772,20170805,NO_INFO,,IFE CNZMAL56103108M500,10,,20180106,,,20170805,1,,ESP,1,0,0,0,0,0
I00784,NORA ILEANA VILLA BACA,908,MEX,CHIHUAHUA,1,CHIHUAHUA,1,"COL. SANTA ROSA, CODIGO POSTAL 31050",1,CALLE 5A NUM. 5604,0,6141175432,1,,1,ileanavilla@gmail.com,1,OXL773,20170805,NO_INFO,,INE VLBCNR71062408M500,10,,20180106,,,20170805,1,,ESP,1,0,0,0,0,0
I00785,ANGELICA RICCO ,905,CHE,LUGANO ,1,NO_INFO,1,,1,VIA FERRUCCIO PELLI 27 ,0,41788869325,1,,1,angiericco76@gmail.com,1,NLC774,20160511,NO_INFO,,,10,,20180106,,,20160511,1,,ENG,1,0,0,0,0,0
I00786,MAARTJE NICOLETTA KREUZEN,905,CHE,LUGANO ,1,NO_INFO,1,,1,VIA FERRUCCIO PELLI 27,0,41795523575,1,,1,info@maartjekreuzen.com,1,ATE775,20160511,NO_INFO,,,10, ,20180106, , ,20160511,1,,ENG,1,0,0,0,0,0
I00787,SILVIA MARIA DE COURSY WHEELER,905,CHE,LES POSSES-SUR-BEX,1,NO_INFO,1,,1,27 ROUTE DU HAMEAU,0,41796803410,1,,1,sylvia@decourcy-wheeler.com,1,IIX776,20160511,NO_INFO,,,10,,20180106,,,20160511,1,,ENG,1,0,0,0,0,0
I00788,GABRIELE ALESSANDRO HARDMEIER,905,CHE,CARONA,1,NO_INFO,1,,1,VIA NODIVRA 34,0,41792659998,1,,1,gabosan@bluewin.ch,1,AIL777,20160511,NO_INFO,,,10,,20180106,,,20160511,1,,ENG,1,0,0,0,0,0
I00789,CRISTINA KREBS POLITA ,905,CHE,CASTELROTTO,1,NO_INFO,1,,1,VIA CAMPAGNA 14,0,41774098278,1,,1,krebscristina@gmail.com,1,RTN778,20160511,NO_INFO,,,10,,20180106,,,20160511,1,,ENG,1,0,0,0,0,0
I00790,FREYA NAOMI ALONS ,905,NLD,AMSTERDAM,1,NO_INFO,1,,1,WILLEM LEEVENDSTRAAT 18,0,31614627062,1,,1,alonsfreya@gmail.com,1,RAN779,20160511,NO_INFO,,,10,,20180106,,,20160511,1,,ENG,1,0,0,0,0,0
I00791,SORAYA YAVERI,905,BEL,BRUXELLES,1,NO_INFO,1,,1,"28, AVENUE MICHEL STERCKMANS",0,32498511456,1,,1,sorayayavari@yahoo.com,1,OYX780,20160511,NO_INFO,,,10,,20180106,,,20160511,1,,ENG,1,0,0,0,0,0
I00792,LUIS JIMENEZ PAREDES,760,MEX,MICHOACAN,1,URUAPAN,1,CONJ. HAB. LAS HACIENDAS ,1,"QUIRIO 56 CONJ. HAB. LAS HACIENDAS URUAPAN, MICH. CP 60136",0,4521598181,1,4521166517,1,luis_.fumaerea@hotmail.com,1,UXI781,20172905,NO_INFO,,PASAPORTE MEXICANO # G24382899,10, ,20180108, , ,20172905,1,,ESP,1,0,0,0,0,0
I00793,ROSARIO HERNANDEZ RAMOS,760,MEX,BAJA CALIFORNIA NORTE,1,ENSENADA,1,INFONAVIT PUNTA BANDA,1,"LIBRADO RIVERA 214 L24, INFONAVIT PUNTA BANDA, ENSENADA, BAJA CALIFORNIA, CP 22897",0,6461093356,1,,1,hdezchallito@hotmail.com,1,ORO782,20172905,NO_INFO,1000,"CREDENCIAL PARA VOTAR INE, CLAVE:  HRRMRS73100102M200",10,,20190106,1000,,20172905,1,,ESP,1,0,0,0,0,0
I00794,IMELDA TORRES VALDEZ ,760,MEX,NUEVO LEON,1,SAN NICOLAS,1,COL. LAS PUENTES 15 SECTOR,1,"SIERRA DE GUIDAR 1432, COL. LAS PUENTES 15 SECTOR, SAN NICOLAS DE LOS GARZA, NL, CP 66460",0,8115284800,1,,1,tv@gmail.com,1,MDX783,20172905,NO_INFO,,"CREDENCIAL PARA VOTAR IFE, CLAVE:  TRVLIM60040419M600",10,,20190105,1000,,20172905,1,,ESP,1,0,0,0,0,0
I00795,MONICA GEORGINA TORRES CUEVAS,760,USA,CALIFORNIA,1,SAN DIEGO,1,92108,1,1660 HOTEL CIRCLE NORTH,0,6193652773,1,,1,m-torres19@hotmail.com,1,OCX784,20172905,NO_INFO,1000,PASAPORTE MEXICANO # G17635826,10,,20190106,1000,,20172905,1,,ESP,1,1,0,0,1,0
I00796,WALTER AUGUSTO GUTIERREZ GARCIA,760,USA,CALIFORNIA,1,SAN DIEGO,1,92108,1,1660 HOTEL CIRCLE NORTH,0,8711155591,1,,1,wallyg54@yahoo.com,1,AEX785,20172905,NO_INFO,1000,"CREDENCIAL PARA VOTAR IFE, CLAVE:  GTGRWL67061402H500",10,,20190106,1000,,20172905,1,,ESP,1,1,0,0,0,0
I00797,JESUS VILLASEÑOR CUEVAS,760,MEX,BAJA CALIFORNIA NORTE,1,ENSENADA,1,INFONAVIT PUNTA BANDA,1,"LIBRADO RIVERA 214 L24, INFONAVIT PUNTA BANDA, ENSENADA, BAJA CALIFORNIA, CP 22897",0,6462275788,1,,1,villasenorjesus1970@hotmail.com,1,ESV786,20172905,NO_INFO,,"CREDENCIAL PARA VOTAR IFE, CLAVE:  VLCVJS70010602H000",10,,20180106,,,20172905,1,,ESP,1,0,0,0,0,0
I00798,YOLANDA GUADALUPE AGUILAR PEREZ,760,MEX,NUEVO LEON ,1,SANTIAGO,1,COL. LOS RODRIGUEZ,1,"ANT. CAM. A SANTIAGO #100, COL. LOS RODRIGUEZ, SANTIAGO, NUEVO LEON ",0,8119772491,1,,1,yolaguilar@hotmail.com,1,ONA787,20172905,NO_INFO,,"CREDENCIAL PARA VOTAR INE, CLAVE:  AGPRYL81072524M000",10, ,20190105,1000, ,20172905,1,,ESP,1,1,0,0,0,0
I00799,JAIME HECTOR RODRIGUEZ VILLARREAL,760,MEX,NUEVO LEON ,1,SAN NICOLAS,1,COL. CORRAL DE PIEDRA,1,"CALZ. UNION #0104 D, COL. CORRAL DE PIEDRA, SAN NICOLAS DE LOS GARZA, NUEVO LEON CP 66490",0,83346827,1,8122888288,1,numerox@live.com.mx,1,AEH788,20172905,NO_INFO,,"CREDENCIAL PARA VOTAR IFE, CLAVE: RDVLJM53081319H501",10,,20180106,,,20172905,1,,ESP,1,0,0,0,0,0
I00801,EDUARDO JACINTO GUTIERREZ GARCIA,760,MEX,BAJA CALIFORNIA,1,TIJUANA,1,FRACC. LOS OLIVOS,1,"NEBULOSA # 13 FRACC. LOS OLIVOS, TIJUANA, BAJA CALIFORNIA, CP 22480",0,6641804632,1,,1,NO_INFO,1,DRO790,20172905,NO_INFO,,"CREDENCIAL PARA VOTAR INE, CLAVE:  GTGRED63102102H000",10,,20180106,,,20172905,1,,ESP,1,1,0,0,0,0
I00802,NADIA LIZET LOMBERA ALCARAZ,760,MEX,MICHOACAN,1,LAZARO CARDENAS,1,LOC. EL HABILLAL,1,"MANGLE P 18A, LOC. EL HABILLAL, LAZARO CARDENAS, MICHOACAN. CP 60981",0,7531121424,1,,1,lomberaalcaraznadializet@getmail.com,1,AAL791,20172905,NO_INFO,1000,"CREDENCIAL PARA VOTAR INE, CLAVE:  LMALND74100416M100",10,,20190106,,,20172905,1,,ESP,1,1,0,0,0,0
I00803,FRIDA MAYA VISSUET,760,USA,CALIFORNIA,1,SAN DIEGO,1,92110,1,"5745 FRIARS RD UNIT 71, SAN DIEGO, CALIFORNIA 92110",0,16198430701,1,,1,justdoitfrida@gmail.com,1,RAM792,20172905,NO_INFO,,DRIVER LICENSE CALIFORNIA # N9892947,10,,20190104,1000,,20172905,1,,ESP,1,1,0,0,1,0
I00804,ADRIANA NATALIA FLORES NAVARRO,760,MEX,NUEVO LEON,1,MONTERREY,1,COL DEL PASEO RESIDENCIAL,1,"PASEO DE LAS PALMAS 3705, COL. DEL PASEO RESIDENCIAL, MONTERREY, NUEVO LEON, CP 64920, MEXICO",0,8116360311,1,,1,adriana_nfn@hotmail.com,1,DAA793,20172905,NO_INFO,,CREDENCIAL IFE FLNVAD91032819M800,10, ,20180106, , ,20172905,1,,ESP,1,0,0,0,0,0
I00805,MARÍA DE LOS ÁNGELES ALVARADO ABELÍN,760,MEX,TAMAULIPAS,1,NUEVO LAREDO,1,COL. NUEVA ERA,1,"PRIVADA 11 B NUM. 10, COL. NUEVA ERA, NUEVO LAREDO, CP 88136, TAMAULIPAS, MEXICO",0,8671044979,1,,1,angeles.alvarado.abelin@gmail.com,1,AAD794,20172905,NO_INFO,,CREDENCIAL INE ALABAN69070716M101,10,,20190105,1000,,20172905,1,,ESP,1,0,1,1,0,0
I00806,SONIA CRISTINA AYORA BARRAGAN,760,MEX,CANCUN,1,QUINTANA ROO,1,BENITO JUAREZ,1,"BOCA PAILA MZA 2 LT 5 DEP C NIVEL2, SUPMZA 32, BENITO JUAREZ, QUINTANA ROO, CP 77508, MEXICO",0,9981390075,1,,1,cristina_ayora3081@hotmail.com,1,OAC795,20170506,NO_INFO,1000,"CREDENCIAL PARA VOTAR INE, CLAVE: AYBRSN81083031M300 ",10,,20190106,1000,,20170506,1,,ESP,1,0,1,1,0,0
I00807,KATIA SANDOVAL RAMIREZ BUENDIA,760,MEX,YUCATAN,1,MERIDA,1,LOC. CHOLUL,1,"C 19 X 14 Y 16 81 LOC. CHOLUL, MERIDA YUCATAN, CP 97305, MEXICO",0,5567915602,1,,1,katia.mandarine@gmail.com,1,AAS796,20170506,NO_INFO,,"CREDENCIAL PARA VOTAR INE, CLAVE: SNRMKT74060109M600",10,,20190105,1000,,20170506,1,,ESP,1,0,0,0,0,0
I00808,LUIS EDUARDO CARDENAS BARRAGAN,760,MEX,YUCATAN,1,MERIDA,1,FRACC. FRANCISCO DE MONTEJO,1,"C 48 X 39 Y 41 # 234. FRACC. FRANCISCO DE MONTEJO, MERIDA, YUCATAN, MEXICO. CP 97203",0,9993232487,1,,1,sajelusr@gmail.com,1,UXD797,20170506,NO_INFO,,"CREDENCIAL PARA VOTAR INE, CLAVE: CRBRLS82022309H200",10,,20180106,,,20170506,1,,ESP,1,0,0,1,0,0
I00809,EVERETT ALAN TOOMEY CURIEL,760,MEX,JALISCO,1,PUERTO VALLARTA,1,VIDA VALLARTA,1,"LUCERO 106 GLEZ GALL, VIDA VALLARA, PUERTO VALLARTA CP 48318, MEXICO",0,8054710722,1,,1,ectoomey1@gmail.com,1,VET798,20170506,NO_INFO,,"CREDENCIAL PARA VOTAR IFE, CLAVE: TMCREV92111614H800",10,,20180106,,,20170506,1,,ESP,1,0,0,0,0,0
I00810,AURORA ISABEL CORONA MARQUEZ,760,MEX,YUCATAN ,1,MERIDA,1,FRACC. VISTA ALEGRE,1,"C 16 # 234 X 13 Y 17, FRACC. VISTA ALEGRE, MERIDA YUCATAN. CP 97130",0,9811186988,1,,1,auixa@hotmail.com,1,URX799,20170506,NO_INFO,1000,"CREDENCIAL PARA VOTAR IFE, CLAVE: CRMRAR86061131M700",10, ,20190106, , ,20170506,1,,ESP,1,0,0,0,0,0
I00811,MARIA DEL ROCIO AUREA MENDOZA RAMIREZ,905,MEX,PUEBLA,1,PUEBLA,1,,1,"PV 11 A SUR 4704, FRACC. PRADOS AGUA AZUL, PUEBLA, PUEBLA, CP 72430",0,2225167757,1,2222957343,1,roc_mary@yahoo.com.mx,1,AAD800,20171906,NO_INFO,,"CREDENCIAL PARA VOTAR IFE, CLAVE: MNRMRC63082421M100",10,,20180108,,,20171906,1,,ESP,1,1,1,1,1,0
I00812,SONIA JANETT DAVILA HIDALGO,905,OMN,NO_INFO,1,MUSCAT ,1,,1,"AL ILAM STREET, BUILDING 176, VILLA 50, MUSCAT, SULTANATO DE OMAN. CP 789",0,96893550375,1,96824696642,1,sodavila@yahoo.com,1,OAJ801,20171906,NO_INFO,,PASAPORTE DE LA REPUBLICA DE COLOMBIA # AO852169,10,,20180108,,,20171906,1,,ESP,1,0,0,0,0,0
I00813,JOSE GIOVANNI FLAUTERO,905,OMN,NO_INFO,1,MUSCAT ,1,,1,"AL ILAM STREET, BUILDING 176, VILLA 50, MUSCAT, SULTANATO DE OMAN. CP 789",0,96893689056,1,96824696642,1,flauterog@yahoo.com,1,OXI802,20171906,NO_INFO,,PASAPORTE DE CANADA # HP973184,10,,20180108,,,20171906,1,,ESP,1,0,0,0,0,0
I00814,ROBERTO ELIZALDE RAMIREZ,905,MEX,QUERETARO,1,QUERETARO,1,,1,"CALZ DE LAS LÁGRIMAS 224 COL EL VERGEL, QUERETARO, QUERETARO CP 76148",0,4421185780,1,4425278851,1,relizalder@hotmail.com,1,ORO803,20171906,NO_INFO,,"CREDENCIAL PARA VOTAR IFE, CLAVE: ELRMRB59123109H400",10,,20180108,,,20171906,1,,ESP,1,0,0,0,0,0
I00815,GABRIELA BAIG ROSETE,905,MEX,EDO MEX,1,HUIXQUILUCAN,1,FRACC. HACIENDA DE LAS PALMAS,1,HACIENDA CAMPO BRAVO 41,0,5514748111,1,52472441,1,gbaig@gmail.com,1,AIL804,20171906,NO_INFO,,PASAPORTE MEXICANO # G18955246,10,,20180108,,,20171906,1,,ESP,1,0,0,0,0,0
I00816,CHRISTIAN XAVIER CALVACHI CEVALLOS,713,ECU,QUITO,1,TUMBACO,1,"VIA A LA COMUNA SAJAPUNGO, PICHINCHA",1,VIA ILALO PB,0,593990933097,1,,1,xtiano.calvachi@gmail.com,1,HSI805,20170506,NO_INFO,,CREDENCIAL DE IDENTIFICACION Y CEDULACIO DE LA REP DEL ECUADOR No. 171310748-8,10, ,20180108, , ,20170506,1,,ESP,1,0,0,0,0,0
I00817,ARISBETH MORALES VARGAS,910,MEX,CIUDAD DE MEXICO,1,DEL. VENUSTIANO CARRANZA,1,MOCTEZMA 2A  SECCION,1,"ORIENTE 1 46 238 1, MOCTEZUMA 2ª SECCION CP 15530, VENUSTIANO CARRANZA, CDMX",0,5529873617,1,,1,arisaislinn9@gmail.com,1,RBT806,20170206,NO_INFO,,PASAPORTE MEXICANO G23519720,10,,20180108,,,20170206,1,,ESP,1,0,0,0,0,0
I00818,MARIA DEL ROCIO RAMIREZ CATALAN,760,MEX,BAJA CALIFORNIA SUR,1,LOS CABOS,1,COL LOMAS DEL CABO,1,"MZA Y LTE 01, COL. LOMAS DEL CABO, CABO SAN LUCAS, BAJA CALIFORNIA, MEXICO",0,6241113236,1,,1,cipactlicali@yahoo.com.mx,1,AAD807,20171707,NO_INFO,,"CREDENCIAL PARA VOTAR IFE, CLAVE: RMCTRC55013109M500",10,,20180109,,,20171707,1,,ESP,1,0,0,0,0,0
I00819,OSCAR LEONARDO MARTINEZ MATA,760,MEX,BAJA CALIFORNIA SUR,1,CABO SAN LUCAS,1,FRACC. GARDENIAS ELITE,1,"CHIPIRON MZA 1, LTE 7, FRACC. GARDENIAS ELITE, CABO SAN LUCAS, BAJA CALIFORNIA SUR, MEXICO",0,6242243836,1,,1,oscar.lmartinez@hptmail.com,1,SRL808,20171707,NO_INFO,,"CREDENCIAL PARA VOTAR INE, CLAVE: MRMTOS82110611H800",10,,20180109,,,20171707,1,,ESP,1,0,0,0,0,0
