I00973,ADELA EUGENIA JUNCO VARELA,910,MEX,CIUDAD DE MEXICO,1,TLALPAN,1,MIGUEL HIDALGO 1A SECCIÓN,1,"1A CDA CORREGIDORA #11 INT 7, COL. MIGUEL HIDALGO 1A SECCIÓN, TLALPAN, CIUDAD DE MEXICO, MEXICO, CP 14260",0,5215533348182,1,,1,adeujuva13@gmail.com,1,DAE961,20171512,NO_INFO,,CREDENCIAL PARA VOTAR IFE CLAVE: JNVRAD72120509M900,10, ,20190103, , ,20171512,1,,ESP,1,0,0,0,0,0
I00974,GRISEL VIVIANA LOPEZ PAREDES,910,MEX,CIUDAD DE MEXICO,1,TLALPAN,1,1RA SECCION DE MIGUEL HIDALGO,1,"MICHOACAN # 6,  COL. MIGUEL HIDALGO 1A SECCIÓN, TLALPAN, CIUDAD DE MEXICO, MEXICO, CP 14250",0,5215554137290,1,,1,grisvilopez@yahoo.com.mx,1,REX962,20171512,NO_INFO,,PASAPORTE MEXICANO G25721091,10,,20190103,,,20171512,1,,ESP,1,0,0,0,0,0
I00975,MARIA DEL CARMEN ALICIA URIBE HERNANDEZ,910,MEX,MICHOACAN,1,MORELIA,1,FRACC. LOMAS DE LA MAESTRANZA,1,"RTNO CATEMACO 35, FRACC. LOMAS DE LA MAESTRANZA, MORELIA, MICHOACAN, MEXICO, CP 58330",0,5215562953493,1,,1,mdauh28@gmail.com,1,AAD963,20171512,NO_INFO,,CREDENCIAL PARA VOTAR INE CLAVE: URHRCR82100909M900,10,,20190103,,,20171512,1,,ESP,1,0,0,0,0,0
I00976,FEDERICO GUDIÑO MARTINEZ,910,MEX,CIUDAD DE MEXICO,1,IZTAPALAPA,1,UNIDAD HABITACIONAL VICENTE GUERRERO,1,"CALLE 2 DE ALEJO RICO  SM 11 M 5 L 35B, UNIDAD HABITACIONAL VICENTE GUERRERO, IZTAPALAPA, CIUDAD DE MEXICO, MEXICO, CP 09200",0,5215527032977,1,,1,federicoyratas_1@yahoo.com.mx,1,ERC964,20171512,NO_INFO,,CREDENCIAL PARA VOTAR IFE CLAVE: GDMRFD61030209H701,10,,20190103,,,20171512,1,,ESP,1,0,0,0,0,0
I00977,PERLA GUERRA RAMOS,910,MEX,CIUDAD DE MEXICO,1,TLAHUAC,1,MIGUEL HIDALGO,1,"DON GIOVANI 35 MZ 23 LT 15, COL. MIGUEL HIDALGO, TLAHUAC, CIUDAD DE MEXICO, MEXICO, CP13200",0,5215540150703,1,,1,perlagr1@yahoo.com,1,EAG965,20171512,NO_INFO,,PASAPORTE MEXICANO G164666991,10,,20190103,,,20171512,1,,ESP,1,0,0,0,0,0
I00978,MIRNA DE LOS ANGELES PAREDES SUAREZ,910,MEX,CIUDAD DE MEXICO,1,BENITO JUAREZ ,1,COL. INDEPENDENCIA,1,"SERAFIN OLARTE 161 DEPTO 101, COL. INDEPENDENCIA, DEL. BENITO JUAREZ, CIUDAD DE MEXICO, MEXICO,  CP 03630",0,5215539551235,1,,1,mirnaangeles@gmail.com,1,IAD966,20171512,NO_INFO,,CREDENCIAL PARA VOTAR IFE CLAVE: PRSRMR78050227M700,10,,20190103,,,20171512,1,,ESP,1,0,1,1,0,0
I00979,MARIA TERESITA ZEPEDA LUNA,910,MEX,CIUDAD DE MEXICO,1,NO_INFO,1,COL. LETRAN VALLE,1,"EJE CENTRAL LAZARO CARDENAS, 1161 DPTO. 302, COL. LETRAN VALLE, CIUDAD DE MEXICO, MEXICO, CP 03650",0,5531532982,1,,1,zmariateresita@yahoo.com.mx,1,AAT967,20171512,NO_INFO,,CREDENCIAL PARA VOTAR INE CLAVE: ZPLNTR68040924M100,10, ,20190103, , ,20171512,1,,ESP,1,0,0,0,0,0
I00980,ELIZABETH SEGOVIA,910,MEX,BAJA CALIFORNIA,1,TIJUANA,1,COL. LOMAS LOS DOCTORES,1,"DR. ROBERTO 3901-A, INETERIOR 103, COL. LOMAS LOS DOCTORES, TIJUANA, BAJA CALIFORNIA, MEXICO, CP 22045",0,8582578651,1,,1,elisegovia7@gmail.com,1,LAE968,20171512,NO_INFO,,PASAPORTE DE ESTADOS UNIDOS C09936168,10,,20190103,,,20171512,1,,ESP,1,0,0,0,0,0
I00981,CLAUDIA PATRICIA LEZAMA LUNA,910,MEX,PUEBLA,1,TEHUACAN,1,COL. CENTRO,1,"CALLE 3 NORTE 246, PLANTA ALTA, COL. CENTRO, TEHUACAN, PUEBLA, MEXICO",0,442381541039,1,,1,claudiaexito@gmail.com,1,LDA969,20171512,NO_INFO,,CREDENCIAL PARA VOTAR IFE CLAVE: LZLNCL70052421M201,10,,20190103,,,20171512,1,,ESP,1,0,0,0,0,0
I00982,HONORIO CASTILLO GOMEZ,910,MEX,PUEBLA,1,TEHUACAN,1,COL. CENTRO IND-OTE,1,"CALLE 4 SUR 408, INT. 1, COL. CENTRO IND-OTE/REF-SO31, TEHUACAN, PUEBLA, MEXICO CP.75700",0,2381555736,1,,1,honoriohcg@gmail.com,1,ORO970,20171512,NO_INFO,,CREDENCIAL PARA VOTAR IFE CLAVE: CSGMHN73090821H000,10,,20190103,,,20171512,1,,ESP,1,0,0,0,0,0
I00983,SANDRA VERONICA DE LUNA TORRES,904,MEX,NUEVO LEON,1,MONTERREY,1,COL. ASARCO,1,"MINA SANTA EULALIA 1924, COL. ASARCO, MONTERREY, NUEVO LEON, CP64550",0,8124159418,1,,1,sandradeluna73@hotmail.com,1,ARX971,20180601,"San Nicolás de los Garza, Nuevo León, México",,LNTRSN73090319M300,10, ,20190103,, ,20171512,1,,ESP,1,0,1,0,0,0
I00984,FRÉDÉRIQUE YAÍNA BUTTET,906,CHL,V REGION,1,LOS ANDES,1,SAN ESTEBAN,1,"PJE. LUCERO NO. 7, SAN ESTEBAN, LOS ANDES, REGION V, CHILE",0,41787230590,1,,1,fb.yaina@gmail.com,1,RÉI972,20170312,NO_INFO,,CEDULA DE IDENTIDAD DE LA REPUBLICA DE CHILE RUN244890520,10,,20190103,,,20170312,1,,ESP,1,0,0,0,0,0
I00780,KARINA ANDREA URTUBIA HERRERA,760,CHL,LOS ANDES,1,VILLA TRASANDINO,1,,1,"CALLE JORGE PEREZ 186, VILLA TRASANDINO, LOS ANDES, REGION V, REPUBLICA DE CHILE",0, NO_INFO ,1,,1,NO_INFO,1,ANX973,20171412,NO_INFO,,CEDULA DE IDENTIDAD DE LA REPUBLICA DE CHILE RUN139820886,50, ,20190103, , ,20171412,1,,ESP,1,0,0,0,0,0
I00972,ALEXIS ANDRES MEDINA PINTO,760,CHL,LOS ANDES,1,VILLA TRASANDINO,1,,1,"CALLE JORGE PEREZ 186, VILLA TRASANDINO, LOS ANDES, REGION V, REPUBLICA DE CHILE",0, NO_INFO ,1,,1,NO_INFO,1,LIX974,20171412,NO_INFO,,CEDULA DE IDENTIDAD DE LA REPUBLICA DE CHILE RUN135497290,50,,20190103,,,20171412,1,,ESP,1,0,0,0,0,0
I00985,DEBORAH SIDRANSKY MARTINEZ,908,MEX,CHIHUAHUA,1,CD. JUAREZ,1,FRACC. HABITAT DEL RIO,1,"RIO DEL VALLE OTE 505, FRACC. HABITAT DEL RIO, CIUDAD JUAREZ, CHIHUAHUA, MEXICO, CP 32408",0,6462074624,1,,1,dsidramtz@hotmail.com,1,ERH975,20172012,NO_INFO,,CREDENCIAL PARA VOTAR INE CLAVE: SDMRDB82091408M600,10,,20190103,,,20172012,1,,ESP,1,0,0,0,0,0
I00986,KAREN AIDEE REZA GOMEZ,908,MEX,CHIHUAHUA,1,CHIHUAHUA,1,RINCONADA TAURINA,1,"CERRADA TAURINA 1830, RINCONADA TAURINA, CHIHUAHUA, CHIHUAHUA, MEXICO, CP 31410",0,6144067433,1,,1,karenreza@hotmail.com,1,ANA976,20172612,NO_INFO,,CREDENCIAL PARA VOTAR IFE CLAVE: SRZGMKR83020208M400,10,,20190103,,,20172612,1,,ESP,1,0,0,0,0,0
I00987,IRENE MARIANELA ACOSTA QUIROGA,760,ECU,NO_INFO,1,NO_INFO,1,,1,"CALLE RIO GUAYAS Y RIOUPONO S/N (CORAPUNGO), QUITO, ECUADOR",0,593991026187,1,,1,marianelaacostaq@gmail.com,1,REM977,20181101,"Bogotá, Colombia",,IDENTIFICACION DE LA REPUBLICA DEL ECUADOR 171046392-6,8,20180108,20190103,,,,1,,ESP,1,0,1,1,0,0
I00988,MINERVA PAOLA CHIQUILLO HURTADO,760,COL,NO_INFO,1,NO_INFO,1,,1,"CL 6C 72 C 65 IN 8 AP 303, BOGOTA, COLOMBIA",0,573008775837,1,,1,minervapaola@gmail.com,1,IRA978,20181101,"Bogotá, Colombia",,CEDULA DE CIUDADANIA REPUBLICA DE COLOMBIA # 41.943.480,8,20180108,20190103,,,,1,,ESP,1,0,0,0,0,0
I00989,WILLIAM MARIO FERAGOTTO BAÑOS,760,COL,NO_INFO,1,NO_INFO,1,,1,"CRA 16 93 A 36 PISO 6, BOGOTA, COLOMBIA",0,573183504826,1,,1,williamferagotto@gmail.com,1,IIM979,20181101,"Bogotá, Colombia",,CEDULA DE EXTRANJERIA REPUBLICA DE COLOMBIA RESIDENTE # 317451,8,20180108,20190103, , ,,1,,ESP,1,0,1,1,0,0
I00990,DANIEL FERNANDO VARGAS PATIÑO,760,COL,NO_INFO,1,NO_INFO,1,,1,"CLL 3 8-28, SOCORRO, SANTANDER, PASTOS, COLOMBIA",0,573166205992,1,,1,daniel.vargaspatino@gmail.com,1,AEX980,20181101,"Bogotá, Colombia",,CEDULA DE CIUDADANIA REPUBLICA DE COLOMBIA # 1.015.443.507,8,20180108,20190103,,,,1,,ESP,1,0,1,1,0,0
I00991,MARLYN JULIETH SILVA GARCIA,760,COL,NO_INFO,1,NO_INFO,1,,1,"K 7 NO 20B-22 #1 BAJOS, BUGA, VALLE, COLOMBIA",0,573168678422,1,,1,marlyn_170889@hotmail.com,1,AYX981,20181101,"Bogotá, Colombia",,CEDULA DE CIUDADANIA REPUBLICA DE COLOMBIA # 1.115.071.551,8,20180108,20190103,,,,1,,ESP,1,0,1,1,0,0
I00992,LUZ YARLILE PEDROZA HIDALGO,760,COL,NO_INFO,1,NO_INFO,1,,1,"CL 1 57 No 13 B-20, ALMERIA CASA 64V, CUNDINAMARCA, BOGOTA, CP 110131",0,573123501471,1,,1,lilep@hotmail.com,1,UYR982,20181101,"Bogotá, Colombia",,CEDULA DE CIUDADANIA REPUBLICA DE COLOMBIA # 40330030,8,20180108,20190103,,,,1,,ESP,1,0,1,1,0,0
I00993,REGINA MAZZA,760,ARG,NO_INFO,1,NO_INFO,1,,1,"FERNANDEZ BLANCO 2070, VILLA URQUIZA, BUENOS AIRES, ARGENTINA",0,5491157611987,1,,1,reginismo@gmail.com,1,ENX983,20181101,"Bogotá, Colombia",,DOCUMENTO DE IDENTIDAD DE ARGENTINA DNI 33.192.081,8,20180108,20190103,,,,1,,ESP,1,0,1,1,0,0
I00994,JUAN ANTONIO MACIAS RAMIREZ,760,COL,NO_INFO,1,NO_INFO,1,,1,"KR 64 103 0027, LA FLORESTA, BOGOTA, COLOMBIA",0,573103098805,1,,1,NO_INFO,1,UXN984,20181101,"Bogotá, Colombia",,CEDULA DE CIUDADANIA REPUBLICA DE COLOMBIA # 79.917.023,8,20180108,20190103,,,,1,,ESP,1,0,1,1,0,0
I00995,MARIA DEL PILAR ZEA CASTRO,760,COL,NO_INFO,1,NO_INFO,1,,1,"KR 64 103 0027, LA FLORESTA, BOGOTA, COLOMBIA",0,573152111383,1,,1,mpilarzea@gmail.com,1,AAD985,20181101,"Bogotá, Colombia",,CEDULA DE CIUDADANIA REPUBLICA DE COLOMBIA # 52.261.135,8,20180108,20190103, , ,,1,,ESP,1,0,1,1,0,0
I00996,ENNA YOLANDA CABRERA ALVARADO,760,COL,NO_INFO,1,NO_INFO,1,,1,"MZ C3 CS 20 ROSALES II, MUNICIPIO EL PASTO, COLOMBIA",0,573154149529,1,,1,enyoca@hotmail.com,1,NXO986,20181101,"Bogotá, Colombia",,CEDULA DE CIUDADANIA REPUBLICA DE COLOMBIA # 36991546,8,20180108,20190103,,,,1,,ESP,1,0,1,1,0,0
I00997,CARMENZA NAVARRO ZULUAGA,760,COL,NO_INFO,1,NO_INFO,1,,1,"CARRERA 11 # 93B 31 APTO 501, EDIF. CLASICO, BOGOTA COLOMBIA",0, NO_INFO ,1,,1,canazu@yahoo.com,1,AEZ987,20181101,"Bogotá, Colombia",,CEDULA DE CIUDADANIA REPUBLICA DE COLOMBIA # 31872479,8,20180108,20190103,,,,1,,ESP,1,0,1,1,0,0
I00998,EDWIN CAMILO MARIN ORTIZ,760,COL,NO_INFO,1,NO_INFO,1,,1,"K 7 NO 20B-22 #1 BAJOS, BUGA, VALLE, COLOMBIA",0,573164402874,1,,1,camiloguitarra@hotmail.com,1,DNC988,20181101,"Bogotá, Colombia",,CEDULA DE CIUDADANIA REPUBLICA DE COLOMBIA # 94478670,8,20180108,20190103,,,,1,,ESP,1,0,1,1,0,0
I00999,KAREN BRENES CARDENAS,910,MEX,EDO. MEX,1,ATLACOMULCO,1,COL. ORDOÑEZ,1,"EL ARBOLITO SN, CTO VIAL J. JIMENEZ CANTU, ATLACOMULCO, ESTADO DE MEXICO, MEXICO, CP 50453",0,5217121498903,1,,1,nerak_senerb@hotmail.com,1,ANB989,20180202,"Ciudad de México, México",,PASAPORTE MEXICANO G03862810,10,,20190104,,,20180202,1,,ESP,1,0,0,0,0,0
I01000,MARÍA DEL CARMEN MALDONADO CRUZ,910,MEX,AGUASCALIENTES,1,AGUASCALIENTES,1,FRACC. RESIDENCIAL EL MOLINO,1,"PRIV. VALENCIA 107  2 FRACC. RESIDENCIAL EL MOLINO, AGUASCALIENTES, AGUASCALIENTES, MEXICO, CP 20123",0,5214492040853,1,,1,maltec54@gmail.com,1,AAD990,20180202,"Ciudad de México, México",,CREDENCIAL PARA VOTAR IFE CLAVE MLCRCR54081430M801,10,,20190104,,,20180202,1,,ESP,1,0,0,0,0,0
I01001,SUSANA AIDA GALICIA RAMIREZ,910,MEX,CIUDAD DE MEXICO,1,CUAUHTÉMOC,1,OBRERA,1,"ANTONIO LEON Y GAMMA 14, COL. OBRERA, DEL. CUAUHTEMOC, CIUDAD DE MEXICO, MEXICO, CP 06800",0,5215568960484,1,,1,sugar691204@hotmail.com,1,UNX991,20180202,"Ciudad de México, México",,CREDENCIAL PARA VOTAR IFE CLAVE GLRMSS69120409M100,10, ,20190104, , ,20180202,1,,ESP,1,0,0,0,0,0
I01002,MARGARITA PÉREZ CORDOVA,910,MEX,CIUDAD DE MEXICO,1,BENITO JUAREZ,1,PORTALES SUR,1,"MUNICIPIO LIBRE 138 DEP 203 PISO 2, COL PORTALES SUR, DEL. BENITO JUAREZ, CIUDAD DE MEXICO, MEXICO, CP 03300",0,5215531128158,1,,1,margaripez@hotmail.com,1,AAI992,20180202,"Ciudad de México, México",,CREDENCIAL PARA VOTAR INE CLAVE PRCRMR63100609M900,10,,20190104,,,20180202,1,,ESP,1,0,0,0,0,0
I01003,PATRICIA MORENO NISHIZAKI,910,MEX,EDO. MEX,1,TLALNEPANTLA DE BAZ,1,JACARANDAS,1,"CHIHUAHUA 309, COL. JACARANDAS, DEL TLALNEPANTLA, ESTADO DE MEXICO, MEXICO, CP 54050",0,5215523098249,1,,1,patmonishi@yahoo.com.mx,1,AII993,20180202,"Ciudad de México, México",,CREDENCIAL PARA VOTAR INE CLAVE MRNSPT54091609M800,10,,20190104,,,20180202,1,,ESP,1,0,0,0,0,0
I01004,SANDRA MERITH ROSAS GARCIA,910,MEX,CIUDAD DE MEXICO,1,TLAHUAC,1,MIGUEL HIDALGO,1,"FIDELIO MZA 101 LT 53 B, COL. MIGUEL HIDALGO, TLAHUAC, CIUDAD DE MEXICO, MEXICO, CP 13200",0,5215559979066,1,,1,smerith07@gmail.com,1,ARX994,20180202,"Ciudad de México, México",,CREDENCIAL PARA VOTAR IFE CLAVE RSGRSN87070209M200,10,,20190104,,,20180202,1,,ESP,1,0,0,0,0,0
I01005,MERCEDES GUADALUPE MALAGON RANGEL,910,MEX,QUERÉTARO ,1,VILLA CORREGIDORA,1,LOC. EL PUEBLITO,1,"FRAY NICOLAS DE ZAMORA 1615, LOC EL PUEBLITO, VILLA CORREGIDORA, QUERETARO, MEXICO, CP76904",0,5214423862083,1,,1,mercedesmalagon@hotmail.com,1,EEE995,20180202,"Ciudad de México, México",,CREDENCIAL PARA VOTAR INE CLAVE MLRNMR62102609M400,10,,20190104,,,20180202,1,,ESP,1,0,0,0,0,0
I01006,LAURA FABIOLA RAMÍREZ MUÑOZ,910,MEX,EDO. MEX,1,NAUCALPAN DE JUÁREZ ,1,FRACC. JARDINES DE LA FLORIDA,1,"PASEO DE LA PRIMAVERA 346, COL. JARDINES DE LA FLORIDA, NAUCALPAN DE JUAREZ, ESTADO DE MEXICO, MEXICO, CP 53130",0,5215522994529,1,,1,demalagonlaura@gmail.com,1,AAF996,20180202,"Ciudad de México, México",,CREDENCIAL PARA VOTAR IFE CLAVE RMMZLR67122909M600,10,,20190104,,,20180202,1,,ESP,1,0,0,0,0,0
I01007,LORENZO GUZMAN GUZMAN,910,MEX,OAXACA,1,SANTA LUCIA DEL CAMINO,1,SANTA LUCIA DEL CAMINO,1,"PRIV 1A GUAMUCHIL 103, SANTA LUCIA DEL CAMINO, SANTA LUCIA DEL CAMINO, OAXACA, MEXICO, CP 71228",0,5219511163281,1,,1,guzmanlor@hotmail.com,1,ONO997,20180202,"Ciudad de México, México",,CREDENCIAL PARA VOTAR INE CLAVE GZGZLR61081020H200,10, ,20190104, , ,20180202,1,,ESP,1,0,0,0,0,0
I01008,KARLA NAYELY CALDERON BARCENA,910,MEX,GUANAJUATO,1,IRAPUATO,1,FRACC LAS PLAZAS,1,"PSE DE LAS PLAZAS 436 INT 6, FRACC. LAS PLAZAS, IRAPUATO, GUANAJUATO, MEXICO, CP 36620",0,5215540788035,1,,1,barcenakar@hotmail.com,1,AAN998,20180202,"Ciudad de México, México",,PASAPORTE MEXICANO G23319451,10,,20190104,,,20180202,1,,ESP,1,0,0,0,0,0
I01009,RAUL RENDON ORTIZ,910,MEX,MORELOS,1,CUAUTLA,1,COL. OTILIO MONTAÑO,1,"SANTA BARBARA 12, COL. OTILIA MONTAÑO, CUAUTLA, MORELOS, MEXICO, CP 62746",0,5215581862752,1,,1,odiseacd@hotmail.com,1,AXE999,20180202,"Ciudad de México, México",,CREDENCIAL PARA VOTAR INE CLAVE RNORRL50121217H801,10,,20190104,,,20180202,1,,ESP,1,0,0,0,0,0
I01010,ANA GABRIELA RUBIO DE SILVA,910,MEX,CIUDAD DE MEXICO,1,BENITO JUAREZ,1,DEL VALLE CENTRO,1,"OBREGON 728 EJE 5 Y CDA DE AMEYALCO, COL. DEL VALLE, BENITO JUAREZ, CIUDAD DE MEXICO, MEXICO, CP 03130",0,5215518493492,1,,1,anagabrielarubio@prodigy.net.mx,1,NGB1000,20180202,"Ciudad de México, México",,PASAPORTE MEXICANO G21364457,10,,20190104,,,20180202,1,,ESP,1,0,0,0,0,0
I01011,MARTHA ROCIO CORONA RAMIREZ,760,USA,CALIFORNIA,1,CHULAVISTA,1,91910,1,432 OAKLAWN AVE. APT. A,0,6193957171,1,16196518621,1,marthagcorona@hotmail.com,1,AHX1001,20180402,"Guadalajara, Jalisco, México",,CREDENCIAL PARA VOTAR IFE CLAVE CRRMMR60022425M800,8,20180109,20190104,,,,1,,ESP,1,0,0,0,0,0
I01012,ANA LUCIA NEVES SILVA,760,PRT,LISBOA,1,NO_INFO,1,,1,"AVENIDA GRAO VASCO, 36 4 DT, LISBOA, PORTUGAL, CP 1500-338",0,351938045297,1,,1,alnsilva7@hotmail.com,1,NLC1002,20180402,"Guadalajara, Jalisco, México",,PASAPORTE DE LA REPUBLICA PORTUGUESA No M411273,8,20180109,20190104,,,,1,,POR,1,0,0,0,0,0
I01013,NORMA ANGELICA SANCHEZ ARIAS,760,MEX,JALISCO,1,GUADALAJARA,1,COL. LADRON DE GUEVARA,1,"HOSPITAL 1267, COL. LADRON DE GUEVARA, GUADALAJARA, JALISCO, MEXICO, CP 44600",0,3319152993,1,,1,vicky_despacho@hotmail.com,1,OAA1003,20180402,"Guadalajara, Jalisco, México",,CREDENCIAL PARA VOTAR IFE CLAVE SNARNR64111614M600,8,20180109,20190104, , ,,1,,ESP,1,0,0,0,0,0
I01014,JAIME GOMEZ MANCERA,760,MEX,JALISCO,1,GUADALAJARA,1,COL. VILLASEÑOR,1,"GHILARDI 388 A, COL. VILLASEÑOR, GUADALAJARA, JALISCO, MEXICO, CP 44200",0,3312615883,1,,1,bond.jaime@yahoo.com.mx,1,AEG1004,20180402,"Guadalajara, Jalisco, México",,CREDENCIAL PARA VOTAR IFE CLAVE GMMNJM62120609H600,8,20180109,20190104,,,,1,,ESP,1,0,0,0,0,0
I01015,ALICIA EVELINA VAZQUEZ GUTIERREZ,760,MEX,EDO. MEX.,1,NO_INFO,1,SAN MIGUEL CHAPULTEPEC,1,"CARR. SAN ANDRES-CHAPULTEPEC KM 1.5, SAN MIGUEL CHAPULTEPEC, ESTADO DE MEXICO, MEXICO, CP 52240",0,3312425481,1,,1,piquitomx@hotmail.com,1,LIX1005,20180402,"Guadalajara, Jalisco, México",,CREDENCIAL PARA VOTAR INE CLAVE VZGTAL72030318M800,8,20180109,20190104,,,,1,,ESP,1,0,1,1,0,0
I01016,ALEJANDRA BERENICE CABRERA CHAVEZ,760,MEX,MICHOACAN,1,JACONA,1,COL. EMILIANO ZAPATA,1,"GUADALUPE VICTORIA 48, COL. EMILIANO ZAPATA, JACONA, MICHOACAN, MEXICO, CP59800",0,3511099139,1,,1,psi.ale.cabrera@gmail.com,1,LAD1006,20180402,"Guadalajara, Jalisco, México",,CREDENCIAL PARA VOTAR IFE CLAVE CBCHAL88112816M800,8,20180109,20190104,,,,1,,ESP,1,0,1,0,0,0
I01017,AMILAMIA FLORES PLASENCIA,760,MEX,JALISCO,1,BUENAVISTA,1,BUENAVISTA,1,"PRIV. REVOLUCION 26, BUENAVISTA, BUENAVISTA JALISCO, MEXICO, CP 46775",0,3312425481,1,,1,amilamiaf@hotmail.com,1,MAI1007,20180402,"Guadalajara, Jalisco, México",,CREDENCIAL PARA VOTAR INE CLAVE FLPLAM77010214M000,8,20180109,20190104,,,,1,,ESP,1,0,0,1,0,0
I01018,IXCHEL VELASCO BENAVIDES,760,MEX,JALISCO,1,ZAPOPAN,1,"VILLACANAS, COLINAS DEL REY",1,"3 PASEO REY ARTURO, VILLACANAS, COLINAS DEL REY, ZAPOPAN, JALISCO, MEXICO, CP 45130",0,3312299056,1,,1,ixchel.velasco188@gmail.com,1,XEX1008,20180402,"Guadalajara, Jalisco, México",,CREDENCIAL PARA VOTAR INE CLAVE VLBNIX88011014M000,8,20180109,20190104,,,,1,,ESP,1,0,0,0,0,0
I01019,LUCIA CORONA RAMIREZ,760,MEX,BAJA CALIFORNIA,1,ENSENADA,1,FRACC. VILLA DEL REAL SECC II,1,"CALLE DE LOS YELMOS 608, FRACC. VILLA DEL REAL SECC II, ENSENADA, BAJA CALIFORNIA, MEXICO, CP 22785",0,6199442250,1,,1,fam.corona2015@gmail.com,1,UAC1009,20180402,"Guadalajara, Jalisco, México",,CREDENCIAL PARA VOTAR INE CLAVE CRRMLC68100525M000,8,20180109,20190104, , ,,1,,ESP,1,0,0,0,0,0
I01020,MARICELA OCHOA CASTELLANOS,760,MEX,MICHOACAN,1,ZAHUAYO,1,COL. LAS BRISAS,1,"MICHOACAN 195 3, COL. LAS BRISAS, SAHUAYO, MICHOACAN, MEXICO, CP 59010",0,3531075346,1,,1,lodye74@hotmail.com,1,ACL1010,20180402,"Guadalajara, Jalisco, México",,CREDENCIAL PARA VOTAR IFE CLAVE OCCSMR74111616M800,8,20180109,20190104,,,,1,,ESP,1,0,0,0,0,0
