I00717,ENRIQUE DE LA ROSA COTA,760,MEX,PUEBLA,1,PUEBLA,1,HEROES PERIFERICO,1,"CALLE 18 SUR #1710, CASA 21, COL. HEROES PERIFERICO, PUEBLA, PUEBLA, MEXICO,CP72990",0, NO_INFO ,1,2224248603,1,loquebuscas04@gmail.com,1,NQE706,20170804,NO_INFO,,PASAPORTE MEXICANO # G07425867,10,,20180106,,,20170804,1,,ESP,1,0,0,0,0,0
I00718,BEATRIZ ROSALÍA CASTAÑEDA RODRÍGUEZ,760,MEX,ESTADO DE MEXICO,1,TLALNEPANTLA,1,LOMAS DE VALLE DORADO,1,"CERRO TONATECA #250 , COL. LOMAS DE VALLE DORADO, DEL TLALNEPANTLA, ESTADO DE MEXICO, MEXICO, CP 54023",0, NO_INFO ,1,5518674533,1,betyc0968@gmail.com,1,ERZ707,20170804,NO_INFO,1000,"CREDENCIAL PARA VOTAR IFE, CLAVE DE ELECTOR CSRDBT68090409M200",10,,20190106,,,20170804,1,,ESP,1,1,0,0,0,0
I00719,ANNA COMELLA ,760,ITA,MILANO,1,ACCADEMIA RISONANZE,1,,1,"CINISELLO BALSAMO MI, ITALIA, CP 20092",0, NO_INFO ,1,393357636521,1,acomella57@gmail.com,1,NXO708,20170804,NO_INFO,,PASAPORTE REPUBLICA ITALIANA # YB0792957,10,,20170106,,,20170804,1,,ESP,1,0,0,0,0,0
I00720,GUADALUPE VALDES ZARAGOZA,760,MEX,AGUASCALIENTES,1,AGUASCALIENTES,1,TROJES DEL SOL/ TROJES DE SAN ANGEL INN #109,1,"CIRCUITO OCOTE 203, COL. ARBOLEDAS DE PASO BLANCO, DEL. JESUS MARIA, AGUSCALIENTES, MEXICO, CP. 20924",0, NO_INFO ,1,4494130193,1,luvaldeszaragoza@hotmail.com,1,UAU709,20170804,NO_INFO,,"CREDENCIAL PARA VOTAR IFE, CLAVE DE ELECTOR VLZRGD70120109M900",10, ,20180106, , ,20170804,1,,ESP,1,1,0,1,0,0
I00721,EUGENIA ARCE-ALANDIA,760,USA,LAS VEGAS,1,NEVADA,1,89119,1,"1438 DOROTHY AVE UNIT 1, 89119 LAS VEGAS, NEVADA, USA",0, NO_INFO ,1,17028455678,1,archgina14@gmail.com,1,UNA710,20170804,NO_INFO,,"LICENCIA DE CONDUCIR NEVADA, USA  # 4100700700",10,,20180106,,,20170804,1,,ESP,1,0,1,0,0,0
I00722,IONATHAN GEPNER,760,CAN,VANCOUVER,1,NO_INFO,1,,1,"101-3455 W. 4TH AVE, VANCOUVER BC, CANADA, V6R1N7",0, NO_INFO ,1,16047257740,1,ionathan.gepner@gmail.com,1,OTA711,20170804,NO_INFO,,IDENTIFICACION DEL GOBIERNO DE CANADA 9220-4052,10,,20180106,,,20170804,1,,ESP,1,0,0,0,0,0
I00723,LAURA SALAZAR DI COSTANZO,760,MEX,CIUDAD DE MEXICO,1,HUIXQUILUCAN,1,BOSQUE REAL CONTRY CLUB,1,"AVE DE LAS PLAZAS # 10 EDI TORRE A DEP LOBY PB1, COL. BOSQUE REAL, DEL. HUIXQUILUCAN, ESTADO DE MEXICO, MEXICO, CP 52774",0, NO_INFO ,1,5519512091,1,laurasdi@hotmail.com,1,AAS712,20170804,NO_INFO,,"CREDENCIAL PARA VOTAR IFE, CLAVE DE ELECTOR SLCSLR74052328M200",10,,20180106,,,20170804,1,,ESP,1,0,0,0,0,0
I00724,NANCY LÓPEZ CUESTA,760,MEX,CIUDAD DE MEXICO,1,DEL. CUAUHTEMOC,1,COL. FELIPE PESCADOR,1,"CABO BOJADOR 88, COL. GABRIEL HERNANDEZ, DEL. GUSTAVO A MADERO, CIUDAD DE MEXICO, MEXICO, CP 07080",0, NO_INFO ,1,5570610524,1,princesstar_25@yhoo.com.mx,1,AYL713,20170804,NO_INFO,,"CREDENCIAL PARA VOTAR IFE, CLAVE DE ELECTOR LPCSNN87010709M800",10,,20180106,,,20170804,1,,ESP,1,0,0,0,0,0
I00725,LUCIA PALACIOS,760,USA,ILLINOIS,1,60089,1,,1,"396 S. BUFFALO GROVE RD. BUFFALO GROVE, IL 60089",0, NO_INFO ,1,2243050695,1,lucia.palacios12@gmail.com,1,UAP714,20170804,NO_INFO,,PASAPORTE USA # 442987824,10,,20180106,,,20170804,1,,ESP,1,0,0,0,0,0
I00726,JOHANA TORRES DÍAZ ,905,MEX,CIUDAD DE MEXICO,1,DEL. BENITO JUÁREZ,1,COL. LETRÁN VALLE,1,"TENAYUCA 184 INT. 202, C.P. 03650",0,445563185810,1,,1,jtd.mandalacenter@gmail.com,1,ONX715,20171903,NO_INFO,,IFE: TRDZJH90093016M000,10, ,20190104,1000, ,20171903,1,,ESP,1,0,0,0,0,0
I00727,FERNANDO PIÑON VELA  ,905,MEX,CIUDAD DE MEXICO,1,DEL. BENITO JUÁREZ,1,COL. NÁPOLES,1,"NUEVA YORK 30-B 103, C.P.03810",0,445548003561,1,,1,ferpinonvela@gmail.com,1,EAD716,20171903,NO_INFO,,PASAPORTE: G08020632,10,,20180106,,,20171903,1,,ESP,1,0,0,0,0,0
I00728,GLORIA PATRICIA OLIVARES URIBE,906,MEX,QUINTANA ROO,1,CANCUN (BENITO JUAREZ),1,RESIDENCIAL SOL DEL MAYAB,1,CHACMULTUN MZ 12 L 19 N 37 SMZA 56,0,529981351047,1,,1,gpatho.gpou@gmail.com,1,LIX717,20171203,NO_INFO,,IFE MX CLAVE OLURGL61040109M400,10,,20180106,,,20171203,1,,ESP,1,0,0,0,0,0
I00729,TANYA JIMENEZ CASTRO,906,MEX,QUINTANA ROO,1,CANCUN (BENITO JUAREZ),1,FRACC.GRAN SANTA FE II,1,C. IBERIA # 14 MZ 10 SM 325,0,529981873365,1,,1,NO_INFO,1,AAJ718,20171203,NO_INFO,,IFE MX CLAVE JMCSTN77083009M100,10,,20180106,,,20171203,1,,ESP,1,0,0,0,0,0
I00730,MARIA  ANTONIETA YOLANDA BATIZ LAMADRID,906,MEX,QUINTANA ROO,1,CANCUN (BENITO JUAREZ),1,RINCONADA PUNTA CELERAIN ,1,SM 11 MZ 7 L 104 ,0,529982145239,1,,1,batizmaria@yahoo.com.mx,1,AAX719,20171203,NO_INFO,,IFE MX CLAVE BTLMAN57011425M301,10,,20180106,,,20171203,1,,ESP,1,0,0,0,0,0
I00731,MARIA TERESITA GOMEZ DE LA O,906,MEX,QUINTANA ROO,1,CANCUN (BENITO JUAREZ),1,RESIDENCIAL SANTA FE,1,AV. SANTA FE 37 M15 SM524,0,529981974480,1,,1,teregom50@hotmail.com,1,AAT720,20171203,NO_INFO,,PASAPORTE MEX G07769998,10,,20180106,,,20171203,1,,ESP,1,0,0,0,0,0
I00732,JOHANNAN ELISABETH  VIOLANTE MENDOZA,906,MEX,QUINTANA ROO,1,CANCUN (BENITO JUAREZ),1,LA MISION,1, SM 15 MZ 8 L1 CASA2 AV.ACANCEH,0,529982932560,1,,1,moncoeurdlyon@gmail.com,1,ONA721,20171203,NO_INFO,,IFE MX CLAVE 0000153701903,10, ,20180106, , ,20171203,1,,ESP,1,0,0,0,0,0
I00733,OTHON GARCIA MONTES,906,MEX,AHOME,1,SINALOA,1,COL. INFONAVIT MACAPULE 81228,1,ANDADOR JUSTICIA SOCIAL 1750 NTE.,0,5216681459592,1,,1,othon.garcia@hotmail.com,1,TNG722,20171903,NO_INFO,,IFE CLAVE  GRMNOT53013025H800,10,,20180106,,,20171903,1,,ESP,1,0,0,0,0,0
I00734,CARMEN ALICIA CORTEZ VALENZUELA,906,MEX,CHIHUAHUA,1,CHIHUAHUA,1,FRACC. ALTAMIRA,1,"Calle DE LOS PINOS, # 2114",0,5216142550102,1,,1,NO_INFO,1,AEX723,20171903,NO_INFO,,IFE CLAVE  CRVLCR70101005M801,10,,20180106,,,20171903,1,,ESP,1,0,0,0,0,0
I00735,NUBIA YESENIA GAMBOA RICO,906,MEX,CD.JUAREZ,1,CHIHUAHUA,1,"FRACC. PRADERA DORADA CP 32618, ",1,"RANCHO LAS CABRAS 3116, ",0,6566170413,1,,1,nubitayes@gmail.com,1,UAY724,20171903,NO_INFO,,IFE CLAVE  GMRCNB77041608M800,10,,20180106,,,20171903,1,,ESP,1,0,0,0,0,0
I00736,ALBERTO PONCE DE LEON VILLALOBOS,906,USA,EL PASO,1,TEXAS,1,79902,1,"1114 N. EL PASO ST., APT  3",0,9155939486,1,,1,jalbertoponcedeleon@hotmail.com,1,LRO725,20171903,NO_INFO,,PASAP. U.S.A.NO. C11738975,10,,20180106,,,20171903,1,,ESP,1,0,0,0,0,0
I00737,MARIO GOMEZ BARRERA,906,MEX,CHIHUAHUA,1,CHIHUAHUA,1,COL.MIRADOR,1,CALLE TOKIO NO. 1609,0,5215143427582,1,,1,magomez@mundoeditorial.com,1,AOG726,20171903,NO_INFO,,PASAPORTE  MX NO. G17486464,10,,20180106,,,20171903,1,,ESP,1,0,0,0,0,0
I00738,VICTOR ACOCER LARA,910,MEX,VERACRUZ,1,VERACRUZ,1,FRACC PRIMERO DE MAYO,1,,0,2291069918,1,,1,valcocer2016@gmail.com,1,IOX727,20171003,NO_INFO,,,10, ,20180106, , ,20171003,1,,ESP,1,0,0,0,0,0
I00739,LIDIA ITALIBI URAGA PEÑA,910,ESP,BARCELONA,1,VALLGORGINA,1,URB. CANADA PARK,1,,0,34654867457,1,,1,uragaitalibi@gmail.com,1,IAI728,20171003,NO_INFO,,,10,,20180106,,,20171003,1,,ESP,1,0,1,0,0,0
I00740,ROBERTO CENTENO CANTO,910,MEX,YUCATAN ,1,MERIDA,1,FRACC. SAN LUIS,1,,0,9991639009,1,,1,yrbo7@hotmail.com,1,ORO729,20171003,NO_INFO,,,10,,20180106,,,20171003,1,,ESP,1,0,0,0,0,0
I00741,MARIA ROSA CASTELLANOS AGUILAR,910,MEX,EDO DE MEXICO,1,IXTAPALUCA,1,SANTO TOMAS AYOLOTLA,1,,0,26458854,1,5569634745,1,katy.070784@gmail.com,1,AAR730,20171003,NO_INFO,,,10,,20180106,,,20171003,1,,ESP,1,0,0,0,0,0
I00742,KARLA MARIA IZQUIERDO,910,MEX,JALISCO,1,ZAPOPAN,1,PASEOS DEL SOL,1,,0,3316329375,1,,1,moretekila@Hotmail.com,1,AAM731,20171003,NO_INFO,,,10,,20180106,,,20171003,1,,ESP,1,0,0,0,0,0
I00743,ITZEL ASYADETH AMBRIZ PAREDES,910,MEX,CIUDAD DE MEXICO,1,COYOACAN,1,RINCONADA COAPA,1,,0,5521074952,1,,1,coachasyadeth@gmail.com,1,TLA732,20171003,NO_INFO,,,10,,20180106,,,20171003,1,,ESP,1,0,0,0,0,0
I00744,IRENE ROMERO NIETO,910,MEX,CIUDAD DE MEXICO,1,TLALPAN,1,EL MIRADOR 3A SECCION,1,,0,56553656,1,5570769680,1,sireneroni7@hotmail.com,1,RER733,20171003,NO_INFO,,,10, ,20180106, , ,20171003,1,,ESP,1,0,0,0,0,0
I00745,CESAR HUITZIL LOYOLA,910,MEX,PUEBLA,1,HUEJOTZINGO,1,MORELOS Y HUERTAS Y BARRIO CUARTO ,1,"AVE. ABASOLO 510, COL. BARR CUATRO, HUEJOTZINGO, PUEBLA. CP 74160",0,2227691949,1,,1,mocsar@hotmail.com,1,ERH734,20172804,NO_INFO,,"CREDENCIAL PARA VOTAR IFE, CLAVE:  HTLYCS75020321H900",10,,20180106,,,20172804,1,,ESP,1,0,0,0,0,0
I00746,LILIANA BERENICE MONROY SALGADO,910,MEX,CIUDAD DE MEXICO,1,COYOACÁN,1,OXTOPULCO,1,"AVENIDA UNIVERSIDAD 1900 INTERIOR 5-103, COL. ROMERO DE TERREROS, DEL. COYOACAN, CDMX, MEXICO, CP.04310",0,5530540166,1,,1,lmonrou@gmail.com,1,IAA735,20172804,NO_INFO,,"CREDENCIAL PARA VOTAR INE, CLAVE:  MNSLLL86030409M400",10,,20180106,,,20172804,1,,ESP,1,0,0,0,0,0
I00747,SANDRA IVONNE LOPEZ BARRAGAN ,910,MEX,MERIDA,1,YUCATÁN,1,FRACC. FRANCISCO DE MONTEJO,1,"C 48 X 39 Y 41 # 234. FRACC. FRANCISCO DE MONTEJO, MERIDA, YUCATAN, MEXICO. CP 97203",0,9994451397,1,,1,sandylopz@live.com,1,ARX736,20172804,NO_INFO,,"CREDENCIAL PARA VOTAR IFE, CLAVE:  LPBRSN78102109M900",10,,20180106,,,20172804,1,,ESP,1,1,1,1,1,0
I00748,LAURA ENRIQUEZ MONROY,910,MEX,CIUDAD DE MEXICO,1,VENUSTIANO CARRANZA,1,VALLE GÓMEZ ,1,"ZIMAPAN 15. COL. VALLE GÓMEZ, DEL. VENUSTIANO CARRANZA  CDMX, MEXICO. CP 06240",0,5519101284,1,,1,lauraenriquezmonroy00@gmail.com,1,AAE737,20172804,NO_INFO,,"CREDENCIAL PARA VOTAR IFE, CLAVE:  ENMNLR68123009M500",10,,20180106,,,20172804,1,,ESP,1,0,1,1,0,0
I00749,AISHA VALENZUELA HERNANDEZ,910,MEX,CIUDAD DE MEXICO,1,ALVARO OBREGON,1,CAROLA,1,"AV. CENTRAL # 220, DEPTO 9 00909, COL. CAROLA, DEL. ALVARO OBREGON, CDMX, MEX. CP 01180",0,5563522016,1,,1,famonth@gmail.com,1,IAV738,20172804,NO_INFO,,"CREDENCIAL PARA VOTAR IFE, CLAVE:  VLHRAS79040509M400",10,,20180106,,,20172804,1,,ESP,1,0,0,0,0,0
I00750,RODRIGO PULIDO MENDOZA,910,MEX,CIUDAD DE MEXICO,1,COYOACÁN,1,CULHUACAN CTM SECCIÓN VI,1,"MARIQUITA SÁNCHEZ # 189. COL. CULHUACAN CTM SECCIÓN VI, DEL. COYOACAN, CDMX, MEX. CP04480",0,5536336407,1,,1,rodrigocerrito@gmail.com,1,OIO739,20172804,NO_INFO,,"CREDENCIAL PARA VOTAR IFE, CLAVE:  PLMNRD74081409H001",10, ,20180106, , ,20172804,1,,ESP,1,0,0,0,0,0
I00751,OMAR AYALA LÓPEZ,910,MEX,CIUDAD DE MEXICO,1,CUAUTÉMOC,1,CONDESA,1,"CUERNAVACA 50 14, HIPODROMO, CUAUHTEMOC, CDMX CP 06140",0,5542270527,1,,1,suroenllamas@gmail.com,1,MXY740,20172804,NO_INFO,,PASAPORTE MEXICANO # G05731133,10,,20180106,,,20172804,1,,ESP,1,0,0,0,0,0
I00752,NATALIA ROSARIO CRUZ MARTÍNEZ,910,MEX,CIUDAD DE MEXICO,1,DEL. BENITO JUAREZ,1,COL. ALAMOS,1,"CALLE 5 DE FEBRERO #677, COL. ALAMOS, DEL. BENITO JUAREZ, CDMX, MEXICO, CP 03400",0,5536752032,1,,1,natoscruz@gmail.com,1,ALA741,20172804,NO_INFO,,PASAPORTE MEXICANO # G12078767,10,,20180106,,,20172804,1,,ESP,1,0,0,0,0,0
I00753,NORMA OLIVIA GUZMAN LERMA,910,MEX,CIUDAD DE MEXICO,1,ALVARO OBREGÓN (LOS CEDROS),1,ESTADO DE HIDALGO,1,"AVE. TAMAULIPAS 1236 C29, ESTADO DE HIDALGO, LOS CEDROS, DF. MEXICO,CP 01520",0,5515382415,1,,1,reaprendiendo.psi@gmail.com,1,OAO742,20172804,NO_INFO,,PASAPORTE MEXICANO # G17270519,10,,20180106,,,20172804,1,,ESP,1,0,0,0,0,0
I00754,ANA PAULINA LOBO SALGADO,910,MEX,CIUDAD DE MEXICO,1,ALVARO OBREGÓN ,1,MOLINO DE ROSAS,1,ROSA VERDE # 158 INT 2 C.P. 01470,0,5534003160,1,,1,anapaulina.lobo@gmail.com,1,NPU743,20172804,NO_INFO,,PASAPORTE MEXICANO # ,10,,20180106,,,20172804,1,,ESP,1,0,0,0,0,0
I00755,BEATRIZ ADRIANA BUSTOS GARCIA,910,MEX,EDO. MEX.,1,ECATEPEC DE MORELOS,1,AMPLIACION EL CARMEN,1,PRIV. SAN MIGUEL 103 C.P. 55025,0,5513608367,1,,1,bebustos@yahoo.com.mx,1,ERZ744,20172804,NO_INFO,,"CREDENCIAL PARA VOTAR IFE, CLAVE:  ",10,,20180106,,,20172804,1,,ESP,1,0,1,0,0,0
I00756,SILVIA CLAUDIA REYNOSO GURROLA,910,MEX,REYNOSA,1,TAMAULIPAS,1,LAS FUENTES SECCION  LOMAS,1,CALLE SIERRA VALLEJO 515 C.P. 88703,0,5218991456116,1,,1,ssccrrgg@hotmail.com,1,IIX745,20172804,NO_INFO,,"CREDENCIAL PARA VOTAR INE, CLAVE:  ",10, ,20180106, , ,20172804,1,,ESP,1,0,0,0,0,0
I00757,MAYKOL HECTOR ÑAHUIS CASTAÑEDA   ,760,PER,LIMA,1,DISTRITO DE SANTIAGO DE SURCO,1,URB. SANTA ROSA,1,"CALLE ""W"" URB. SANTA ROSA  MZ. A LOTE 27 - DISTRITO DE SANTIAGO DE SURCO",0,51996043813,1,,1,mnahuis2012@gmail.com,1,AOX746,20170105,NO_INFO,,DOCUMENTO NACIONAL DE IDENTIDAD LIMA 40532344,10,,20180106,,,20170105,1,,ESP,1,0,1,1,0,0
I00758,CLAUDIA ELIZABETH PAREDES PALOMINO,760,PER,LIMA,1,DISTRITO DE SANTIAGO DE SURCO,1,URB. SANTA ROSA,1,"CALLE ""W"" URB. SANTA ROSA  MZ. A LOTE 27 - DISTRITO DE SANTIAGO DE SURCO",0,51969335207,1,,1,claudiapm22@yahoo.es,1,LDA747,20170105,NO_INFO,,DOCUMENTO NACIONAL DE IDENTIDAD LIMA 40503179,10,,20180106,,,20170105,1,,ESP,1,0,0,0,0,0
I00759,PAUL MICHAEL RUIDIAS ALARCON               ,760,PER,LIMA,1,DISTRITO DE SAN BORJA,1,,1,AV. SAN BORJA SUR N° 679 DPTO.702 - DISTRITO DE SAN BORJA,0,51958836416,1,,1,paul.ruidias@consorcioitaloperuano.com.pe,1,AXI748,20170105,NO_INFO,,DOCUMENTO NACIONAL DE IDENTIDAD LIMA 40628706,10,,20180106,,,20170105,1,,ESP,1,0,0,0,0,0
I00760,MIGUEL ANGEL TELLO IRRIBARREN           ,760,PER,LIMA,1,DISTRITO DE LA MOLINA,1,URB. LAS LOMAS DE LA PLANICIE,1,CALLE EL PEÑÓN URB. LAS LOMAS DE LA PLANICIE MZ. C LOTE 6 - DISTRITO DE LA MOLINA,0,51981238393,1,,1,mtello8111@gmail.com,1,IEX749,20170105,NO_INFO,,DOCUMENTO NACIONAL DE IDENTIDAD LIMA 41377404,10,,20180106,,,20170105,1,,ESP,1,0,0,0,0,0
I00761,ANGEL MANUEL ARIAS SOLIS                       ,760,PER,LIMA,1,DISTRITO DE LOS OLIVOS,1, URB. COVIDA,1,JR. DANIEL HERNANDEZ N° 210 URB. COVIDA - DISTRITO DE LOS OLIVOS,0,51990942821,1,,1,angel_13g@hotmail.com,1,NLM750,20170105,NO_INFO,,DOCUMENTO NACIONAL DE IDENTIDAD LIMA 8475741,10,,20180106,,,20170105,1,,ESP,1,0,0,0,0,0
I00762,JOSÉ ANTONIO TABOADA GARCIA               ,760,PER,LIMA,1,DISTRITO DE SAN MIGUEL,1,URB. LAS LEYENDAS ,1,AV. RAFAEL ESCARDÓ N° 1215 URB. LAS LEYENDAS - DISTRITO DE SAN MIGUEL,0,51999347392,1,,1,jose.taboada@gym.com.pe,1,OXN751,20170105,NO_INFO,,DOCUMENTO NACIONAL DE IDENTIDAD LIMA 40202479,10, ,20180106, , ,20170105,1,,ESP,1,0,0,0,0,0
I00763,CARLA ROCÍO VALDIVIEZO MADUEÑO   ,760,PER,LIMA,1,DISTRITO DE SAN ISIDRO,1,,1,AV. JAVIER PRADO OESTE N° 1238 DPTO.206 - DISTRITO DE SAN ISIDRO,0,51997379796,1,,1,cvaldiviezo@gym.com.pe,1,AAR752,20170105,NO_INFO,,DOCUMENTO NACIONAL DE IDENTIDAD LIMA 40988603,10,,20180106,,,20170105,1,,ESP,1,0,0,0,0,0
I00764,KAREN EDITH KAWABATA PONCE         ,760,PER,LIMA,1,DISTRITO DE SAN ISIDRO,1,URB. CORPAC,1,CALLE CARLOS ENRIQUE FERREYROS URMENETA N° 1056 URB. CORPAC - DISTRITO DE SAN ISIDRO,0,51951203740,1,,1,karenkawabata@hotmail.com,1,ANE753,20170105,NO_INFO,,DOCUMENTO NACIONAL DE IDENTIDAD LIMA 40803104,10,,20180106,,,20170105,1,,ESP,1,0,0,0,0,0
I00765,RUBEN EMILIO CACERES MINAYA,760,PER,LIMA,1,DISTRITO DE SAN JUAN DE LURIGANCHO,1,URB. ZARATE,1,JR. EL HARAVICU N° 376 URB. ZARATE - DISTRITO DE SAN JUAN DE LURIGANCHO,0,51966770677,1,,1,recaceres94@hotmail.com,1,UNE754,20170105,NO_INFO,,DOCUMENTO NACIONAL DE IDENTIDAD LIMA 10361655,10,,20180106,,,20170105,1,,ESP,1,0,1,1,0,0
I00766,PATRICIA ISABEL CUSICANQUI CACERES,760,PER,LIMA,1,DISTRITO DE SURQUILLO,1,URB. BARRIO MEDICO,1,"OSWALDO HERCELLES 160, DPTO. 304. URB. BARRIO MEDICO, SURQUILLO, LIMA PERU.",0,51984714299,1,,1,patricia.cc10@gmail.com,1,AII755,20170105,NO_INFO,,DOCUMENTO NACIONAL DE IDENTIDAD LIMA 70329754,10,,20180106,,,20170105,1,,ESP,1,0,1,1,0,0
