I00667,JESSICA LEE CALDWELL,905,USA,WASHINGTON,1,TENINO,1,,1,"4933 CHURCHILL ROAD SE, 98589",0,13609516210,1,13602647277,1,jessical_caldwell@gmail.com,1,EIA655,20171203,NO_INFO,,,10, ,20180106, , ,20171203,1,,ENG,1,0,0,0,0,0
I00668,NICOLE LUCY HASLOCK,905,USA,WASHINGTON,1,YELM,1,,1,"21840, PIESSNER ROAD SE, 98597",0,12067241186,1,13608940587,1,nicole@tree.com.hk,1,ILX656,20171203,NO_INFO,,,10,,20180106,,,20171203,1,,ENG,1,0,0,0,0,0
I00669,NANCY BETH DRISCOLL ,905,USA,WASHINGTON,1,YELM,1,,1,"14604, 93RD AVENUE SE,98597",0,13605291229,1,,1,spiral2013@yahoo.com,1,AYB657,20171203,NO_INFO,,,10,,20180106,,,20171203,1,,ENG,1,0,0,0,0,0
I00670,MIHAELA CORINA DODAN ,905,USA,WASHINGTON,1,RAINIER,1,,1,"702, GROVE LANE SE, 98576",0,13607903244,1,,1,mihaeladodan@yahoo.com,1,IEA658,20171203,NO_INFO,,,10,,20180106,,,20171203,1,,ENG,1,0,0,0,0,0
I00671,JEANETTE MELANE ABBOTT,905,USA,WASHINGTON,1,LACEY,1,,1,"8835 NATOOKA CT., SE, 98513",0,19077503523,1,,1,jeanetteabbott@yahoo.com,1,EET659,20171203,NO_INFO,,,10,,20180106,,,20171203,1,,ENG,1,0,0,0,0,0
I00672,JENNY LYNN BOSSICK,905,USA,WASHINGTON,1,RAINIER,1,,1,"14509 VAIL CUT OFF RD., SE, 98576",0,13605840822,1,13604465704,1,bossickjenny@yahoo.com,1,EYL660,20171203,NO_INFO,,,10,,20180106,,,20171203,1,,ENG,1,0,0,0,0,0
I00673,TANYA JIMENEZ CASTRO,906,MEX,QUINTANA ROO,1,CANCUN (BENITO JUAREZ),1,FRACC.GRAN SANTA FE II,1,"SM 325 M 10 L 17, CALLE IBERIA NÚM. EXT. 14, CÓDIGO POSTAL 77535",0, NO_INFO ,1,529981873365,1,NO_INFO,1,AAJ661,20171203,NO_INFO,,,10, ,20180106, , ,20171203,1,,ESP,1,0,0,0,0,0
I00674,MARIA  ANTONIETA YOLANDA BATIZ LAMADRID,906,CAN,QUINTANA ROO,1,CANCUN (BENITO JUAREZ),1,RINCONADA PUNTA CELARAIN ,1,"SM 11 M 7 L 104, CÓDIGO POSTAL 77504",0, NO_INFO ,1,529982145239,1,batizmaria@yahoo.com.mx,1,AAX662,20171203,NO_INFO,,,10,,20180106,,,20171203,1,,ESP,1,0,0,0,0,0
I00675,MARIA TERESITA GOMEZ DE LA O,906,MEX,QUINTANA ROO,1,CANCUN (BENITO JUAREZ),1,RESIDENCIAL SANTA FE,1,"SM 524 M 15 L 37 AV. SANTA FE, CÓDIGO POSTAL 77534",0, NO_INFO ,1,529981974480,1,teregom50@hotmail.com,1,AAT663,20171203,NO_INFO,,,10,,20180106,,,20171203,1,,ESP,1,0,0,0,0,0
I00676,JOAHANNAN ELISABETH  VIOLANTE MENDOZA,906,MEX,QUINTANA ROO,1,CANCUN (BENITO JUAREZ),1,LA MISION,1," SM 15 MZ 28 L 1, CASA 2, AV. ACANCEH, CÓDIGO POSTAL 77533",0, NO_INFO ,1,529982932560,1,moncoeurdlyon@gmail.com,1,OAN664,20171203,NO_INFO,,,10,,20180106,,,20171203,1,,ESP,1,0,0,0,0,0
I00677,KEIKO IRENE SOKEY GARCÍA,907,MEX,EDO DE MEX/MICH.,1,METEPEC ,1,LAZARO CARDENAS,1,3a. PRIVADA 5 DE FEBRERO CASA 7,0,7222644441,1,,1,keyire@hotmail.com,1,EOI665,20172602,NO_INFO,,,10,,20180106,,,20172602,1,,ESP,1,0,0,0,0,0
I00678,MARÍA DEL PILAR LÓPEZ DÍAZ,907,MEX,ESTADO DE MEXICO,1,TLALNEPANTLA,1,VIVEROS DE LA LOMA,1,VIVEROS DEL RÍO 9 INTERIOR 1,0,5554154790,1,,1,greatjoy2me@gmail.com,1,AAD666,20172602,NO_INFO,,,10,,20180106,,,20172602,1,,ESP,1,0,0,0,0,0
I00679,RAQUEL ALEJANDRA MACIEL TORRES,907,MEX,CIUDAD DE MEXICO,1,BENITO JUÁREZ,1,NARVARTE PONIENTE,1,ANGEL URRAZA 1604,0,5581727918,1,,1,raquel.alejandra.maciel@gmail.com,1,AEX667,20172602,NO_INFO,,,10, ,20180106, , ,20172602,1,,ESP,1,0,0,0,0,0
I00680,GENARO SALAZAR TIJERINA,908,MEX,NUEVO LEON,1,MONTERREY,1,MIRADOR RESIDENCIAL,1,CERRO DEL FRAILE #2669,0,8118011609,1,,1,insuan11@hotmail.com,1,ERX668,20161007,NO_INFO,,,10,,20180106,,,20161007,1,,ESP,1,0,0,0,0,0
I00681,MARIANA CASTILLO MIR,908,MEX,QUINTANA ROO,1,SOLIDARIDAD,1,FRACC. LAS PALMAS,1,"INSURGENTES SUR 1783 COL. GPE INN, MZA 24, DEL ALVARO OBREGON, MEX, DF",0, NO_INFO ,1,,1,NO_INFO,1,05X669,20161407,NO_INFO,,IFE 0205086909873,10,,20180106,,,20161407,0,,ESP,1,0,0,0,0,0
I00682,LIDIA DIAZ PACHECO,908,MEX,CIUDAD DE MEXICO,1,DEL. IZTAPALAPA,1,COL.CONSEJO AGRARISTA MEXICANO,1,"MADROÑO MAZ 2 LOTE 2 COL. |ONSEJO AGRARISTA MEXICANO, DEL IZTAPALAPA",0, NO_INFO ,1,,1,NO_INFO,1,IAD670,20162207,NO_INFO,,,10,,20180106,,,20162207,1,,ESP,1,0,0,0,0,0
I00683,ANTONIO RAUL TALENS BONO,760,ESP,BARCELONA,1,BARCELONA,1,CP 08024,1,"CALLE MARTI 127, 2o-1a CP 08024, ESPAÑA BARCELONA",0,34656480232,1,,1,talens.artherapy.institute@gmail.com,1,NNO671,20171303,NO_INFO,,DNI 73774762P,10,,20190106,1000,,20171303,1,,ESP,1,0,1,0,0,0
I00684,MARIA VALLES FARGAS,760,ESP,BARCELONA,1,BARCELONA,1,,1,CRER. ONZE DE STEMBRE 49,0,34617246584,1,,1,mvfargas@gmail.com,1,AAV672,20171303,NO_INFO,,PASAPORTE DE ESPAÑA: AAE136206/DNI 33955253P,10,,20190106,1000,,20171303,1,,ESP,1,0,1,1,0,0
I00685,MARCELA EUGENIA MORALES RUIZ,760,ESP,TARRAGONA,1,SALOU,1,CP 43840,1,CALLE GUILLEM DE MONTCADA 26 4-9 ESTRELLA 43840,0,34669957679,1,,1,NO_INFO,1,AEA673,20171303,NO_INFO,,DNI 39936129X,10, ,20180106, , ,20171303,1,,ESP,1,0,1,0,0,0
I00686,ANA MARIA OLIVA BRAÑAS,760,ESP,ALICANTE,1,ALTEA,1,CP 03590,1,"CARR. ALBIR 17, TORRE SKY 431 ALTEA",0,34646933627,1,,1,hola@anamariaoliva.es,1,NMR674,20171303,NO_INFO,,DNI 46127002L,10,,20180106,,,20171303,1,,ESP,1,0,1,0,0,0
I00687,MARIA DEL PRADO AZAÑON DONOSO,760,ESP,BARCELONA,1,CASTELLDEFELS,1,CP 0860,1,MANUEL GIRONA 281-1 CASTELLDEFELS,0,34678136065,1,,1,mpradoazadon1962@gmail.com,1,AAD675,20171303,NO_INFO,,DNI 05632230J,10,,20180106,,,20171303,1,,ESP,1,0,1,0,0,0
I00688,MONICA MELINDA VIGLIOGLIA,760,ESP,MARBELLA,1,PROVINCIA MALAGA,1,CP 29601,1,"AVE. RICARDO SORIANO No 29 DERECHA PLANTA 1 PISO 1, MARBELLA, MALAGA",0,34620022409,1,,1,thesoulworkcompany@gmail.com,1,OCX676,20171303,NO_INFO,,PASAPORTE DE HUNGARIAN: BH1633732,10,,20180106,,,20171303,1,,ESP,1,0,1,0,0,0
I00689,MYRIAN KOYA SEVILLANO CANALS ,760,ESP,SORIA,1,RIO SECO DE SORIA,1,,1,"PLAZA MAYOR 7, RIOSECO DE SORIA, SORIA, ESPAÑA. CP 42193",0,34676217829,1,,1,koyareal@gmail.com,1,YAX677,20171303,NO_INFO,,DNI 39352186Z,10,,20180106,,,20171303,1,,ESP,1,0,1,0,0,0
I00690,LAURA SANCHEZ RODRIGUEZ,760,ESP,GALAPAR,1,NO_INFO,1,CP 28420,1,"MOLINO DE LA NAVATA 13 PISO 3 A, LA NAVATA, GALAPAR, MADRID, ESPAÑA",0,34651134903,1,918191324,1,lausafasa@gmail.com,1,AAS678,20171303,NO_INFO,,DNI 05418960E,10,,20190102,1000,,20171303,1,,ESP,1,0,1,0,0,0
I00691,ELEONORA DENCHEVA DENEVA,760,ESP,MADRID,1,EL ESCORIAL,1,CP 28280,1,"MADRID 15 PISO P03; Puerta D, EL ESCORIAL, CP 28280 MADRID, ESPAÑA.",0,34669948555,1,34669948555,1,sliven@live.com,1,LNR679,20171303,NO_INFO,,PASAPORTE DE BULGARIA: 382899202,10, ,20180106, , ,20171303,1,,ESP,1,0,1,0,0,0
I00692,SILVIA SALAS QUINTEROS ,760,ESP,MADRID,1,NO_INFO,1,CP 28044,1,"CALLE DEL REDENTOR 23, 1er B DER, MADRID, ESPAÑA",0,34622896508,1,,1,silviasalasquinteros@gmail.com,1,IIX680,20171303,NO_INFO,,DNI 02312737H,10,,20190104,1000,,20171303,1,,ESP,1,0,1,1,0,0
I00693,MARIA JESUS TEJERO REVIRIEGO,760,ESP,VALENCIA,1,NO_INFO,1,,1,"CALATRAVA N 5 2 A 13004 CIUDAD REAL, ESPAÑA",0,34673072042,1,,1,mj_te_re@hotmail.com,1,AAJ681,20171303,NO_INFO,1000,DNI 05674191E,10,,20180106,,,20171303,1,,ESP,1,0,1,1,0,0
I00694,MARIA CARMEN ARAQUE ARAQUE,760,ESP,MADRID,1,LAS ROZAS,1,CP 28231,1,"CALLE SAN JUAN BAUTISTA # 5  1a, LAS ROZAS CP 28231. MADRID, ESPAÑA ",0,34615518727,1,,1,c.araque.bis@gmail.com,1,AAC682,20171303,NO_INFO,,DNI 51362138X,10,,20180106,,,20171303,1,,ESP,1,0,0,1,0,0
I00695,CRISTINA CERVANTES GARCIA,760,ESP,BARCELONA,1,EL MASNOU,1,CP 38030,1,"CAPITANS COMELLAS #1  2o 1a, EL MASNOU, CP. 38030 BARCELONA ESPAÑA",0,34615958015,1,,1,criscervantes17@gmail.com,1,RTN683,20171303,NO_INFO,,DNI 02622104N,10,,20180106,,,20171303,1,,ESP,1,0,1,0,0,0
I00696,JAUME ALSINA MASRIERA,760,ESP,BARCELONA,1,GIRONA,1,,1,"M. COGULERES II 59, SANTA PAU, GIRONA, BARCELONA, ESPAÑA",0,34686171173,1,,1,alsinajaume@yahoo.es,1,AEA684,20171303,NO_INFO,,DNI 35000105Q,10,,20180106,,,20171303,1,,ESP,1,0,1,0,0,0
I00697,JOSE JULIAN IZURA NUIN,760,ESP,MALAGA,1,ALHAURN EL GRANDE,1,,1,"CALLE HIERBABUENA #5 ALHAURN EL GRANDE, CP 29120 MALAGA, ESPAÑA",0,34607978656,1,,1,julianizura@hotmail.com,1,OXU685,20171303,NO_INFO,,DNI 18208456T,10, ,20180106, , ,20171303,1,,ESP,1,0,1,0,0,0
I00698,EVA MARIA LOPEZ BARAHONA,760,ESP,MALAGA,1,NERJA,1,,1,"PLZA. ERMITA 21, NERJA, MALAGA, ESPAÑA",0,34670737746,1,,1,contacto@mindalia.com,0,VMR686,20171303,NO_INFO,,DNI 46885585Q,10,,20180106,,,20171303,1,,ESP,1,0,1,0,0,0
I00699,ALFREDO GUILLERMO ALCAZAR GARCIA-ESPANTALEON,760,ESP,MALAGA,1,NERJA,1,,1,"PLZA. ERMITA 21, NERJA, MALAGA, ESPAÑA",0,34687952046,1,,1,contacto@mindalia.com,0,LEO687,20171303,NO_INFO,,DNI 24885941X,10,,20180106,,,20171303,1,,ESP,1,0,1,0,0,0
I00700,MARIA CONCEPCION GONZALEZ CASCON,760,ESP,MADRID,1,TRES CANTOS,1,,1,"CALLE MAR CANTABRICO 29, TRES CANTOS, CP 28760, MADRID, ESPAÑA",0,34626140481,1,,1,inmaculada.cascon7@gmail.com,1,AAC688,20171303,NO_INFO,,DNI 00801246H,10,,20190104,1000,,20171303,1,,ESP,1,0,1,0,0,0
I00700,BARBARA YOSELIN GARAY VARGAS ,760,MEX,BAJA CACLIFORNIA,1,TIJUANA,1,CAMBIO PENDIENTE,1,"AV. LOS OLIVOS #103 INTERIOR #3, COL. CALETTE, TIJUANA, BAJA CALIFORNIA, MEXICO. CP 22044",0, NO_INFO ,1,5554097114,1,barbara_garay@hotmail.com,1,AAA689,20170804,NO_INFO,,PASAPORTE MEXICANO G15226020,10,,20180106,1000,,20170804,1,,ESP,1,0,0,0,0,0
I00701,OSCAR ABADÍA,760,USA,CALIFORNIA,1,PASADENA,1,,1,"950 WEST SIERRA MADRE AVENUE 411, AZUSA, CALIFORNIA, USA",0, NO_INFO ,1,16262555108,1,oscarabadia@airadvertise.com,1,SRA690,20170804,NO_INFO,,"LICENCIA DE CONDUCIR CALIFORNIA, USA # U6061209",10,,20180106,,,20170804,1,,ESP,1,0,0,0,0,0
I00702,JACQUELINE MALDONADO BRAVO ,760,MEX,CAMBIO DE DOM,1,NO_INFO,1,,1,"AVE. VALLE D ATEMAJAC #1864, COL. PINAR DE LA CALMA, ZAPOPAN, JALISCO, MEXICO CP 45080",0, NO_INFO ,1,3338280949,1,jackie_mbravo@hotmail.com,1,AUL691,20170804,NO_INFO,,"CREDENCIAL PARA VOTAR IFE, CLAVE DE ELECTOR MLBRJC81010414M700",10, ,20180106, , ,20170804,1,,ESP,1,0,0,0,0,0
I00703,NORBERTO ACUAYTE SONI,760,MEX,CIUDAD DE MEXICO,1,DEL. ALVARO OBREGON,1,COL. MERCED GOMEZ,1,"JUAN TINOCO 52 INT. DEPTO 8, COL. MERCED GOMEZ, DELEGACCION ALVARO OBREGON, CIUDAD DE MEXICO, MEXICO, CP 01600",0, NO_INFO ,1,5527370252,1,norbertoacuayte@gmail.com,1,OET692,20170804,NO_INFO,,PASAPORTE MEXICANO G12862799,10,,20180106,,,20170804,1,,ESP,1,1,0,0,1,0
I00704,MARÍA ELENA ALFARO AGUAYO ,760,MEX,JALISCO,1,ARANDAS,1,COL. CENTRO,1,"OCAMPO 227, COL. CENTRO, ARANDAS, JALISCO, MEXICO, CP 47180",0,3481092137,1,,1,majose0505@gmail.com,1,AAE693,20170804,NO_INFO,,"CREDENCIAL PARA VOTAR IFE, CLAVE DE ELECTOR ALAGEL62092114M300",10,,20190103,1000,,20170804,1,,ESP,1,1,1,1,0,0
I00705,JULIA NAMBO MARISCAL,760,MEX,JALISCO,1,ZAPOPAN,1,VERDE VALLE,1,"PRIVADA TOPACIO 2377, COL. VERDE VALLE, ZAPOPAN, JALISCO, MEXICO, CP. 47180",0, NO_INFO ,1,3315311306,1,julienambo@hotmail.com,1,UAN694,20170804,NO_INFO,,"CREDENCIAL PARA VOTAR IFE, CLAVE DE ELECTOR NMMRJL75022014M100",10,,20190104,1000,,20170804,1,,ESP,1,0,1,0,0,0
I00706,SUSANA HERNÁNDEZ MONTOYA,760,MEX,GUANAJUATO,1,IRAPUATO,1,JARDINES DEL VALLE ,1,"ALFONSO RINCON GALLARDO #2852, FRACC. JARDINES DEL VALLE, IRAPUATO, GUANAJUATO, MEXICO. CP 36611",0, NO_INFO ,1,4621360908,1,ssuepi@yahoo.com.mx,1,UNX695,20170804,NO_INFO,,"CREDENCIAL PARA VOTAR IFE, CLAVE DE ELECTOR HRMNSS59010808M600",10,,20190103,1000,,20170804,1,,ESP,1,1,1,1,0,0
I00707,HILDA DE LA ROSA HERNÁNDEZ,760,MEX,ESTADO DE MEXICO,1,CIUDAD NEZAHUALCOYOTL,1,COL LA PERLA,1,"AV, CERESOS 78, COL LA PERLA, CIUDAD NEZAHUALCOYOTL, ESTADO DE MEXICO, MEXICO, CP. 57820",0, NO_INFO ,1,5523426490,1,hilda.dela.rosa@hotmail.com,1,IAD696,20170804,NO_INFO,,"CREDENCIAL PARA VOTAR INE, CLAVE DE ELECTOR RSHRHL73073109M500",10,,20180106,,,20170804,1,,ESP,1,0,0,0,0,0
I00708,HUGO DE LA ROSA HERNÁNDEZ,760,MEX,AGUASCALIENTES,1,AGUASCALIENTES,1,COL. VALLE DE LOS CACTUS,1,"RECINTO CANDELABRO 304 #93, COL. VALLE DE LOS CACTUS, AGUASCALIENTES, MEXICO, CP 20194",0, NO_INFO ,1,4499903555,1,NO_INFO,1,UXE697,20170804,NO_INFO,,"CREDENCIAL PARA VOTAR IFE, CLAVE DE ELECTOR RSHRHG72050509H200",10, ,20180106, , ,20170804,1,,ESP,1,0,0,0,0,0
I00709,LUZMILA CASTILLO HERNÁNDEZ,760,MEX,CIUDAD DE MEXICO,1,ALVARO OBREGON,1,OLIVAR DE LOS PADRES,1,"AV. TOLUCA 911 A, CASA 23, COL. OLIVAR DE LOS PADRES, DELEGACCION ALVARO OBREGO, CDMX, MEXICO, CP 01780",0,5551034691,1,5551034691,1,titicastillog@gmail.com,1,UIA698,20170804,NO_INFO,,"CREDENCIAL PARA VOTAR IFE, CLAVE DE ELECTOR CSHRLZ56040309M101",10,,20180106,,,20170804,1,,ESP,1,0,0,0,0,0
I00710,MARIA DE LA LUZ OLGUIN MARCILLI,760,MEX,ESTADO DE MEXICO,1,NEZAHUALCOYOTL,1,PRADOS DE ARAGON CP 57179,1,"PRADOS DE ARAGON Mz 20, Lt 21, COL. PRADOS DE ARAGON, DEL. NEZAHUALCOYOTL, ESTADO DE MEXICO, MEXICO, CP 57179",0,5521589465,1,,1,marialuzomg@hotmail.com,1,AAD699,20170804,NO_INFO,,"CREDENCIAL PARA VOTAR IFE, CLAVE DE ELECTOR OLMRLZ58070415M200",10,,20190103,1000,,20170804,1,,ESP,1,0,0,0,0,0
I00711,MARÍA DE LOURDES SEGOVIA ENGRANDE,760,MEX,ESTADO DE MEXICO,1,TLALNEPANTLA,1,LAS ROSAS,1,"HELIOS 1, COL. LAS ROSAS, TLALNEPANTLA DE BAZ, ESTADO DE MEXICO, MEXICO, CP. 54060",0, NO_INFO ,1,5560928270,1,sweet_lu4@hotmail.com,1,AAD700,20170804,NO_INFO,,"CREDENCIAL PARA VOTAR IFE, CLAVE DE ELECTOR SGENLR70091809M300",10,,20180106,,,20170804,1,,ESP,1,1,0,0,0,0
I00712,ELEAZAR MARÍN QUEBRADO,760,MEX,GUERRERO,1,IGUALA DE LA INDEPENDENCIA,1,COL. CENTRO IGUALA,1,"ALDAMA PLANTA BAJA 7, COL. CENTRO IGUALA, IGUALA DE LA INDEPENDENCIA, GUERRERO, MEXICO, CP 40000",0, NO_INFO ,1,7331004679,1,eleamq1980@gmail.com,1,LZR701,20170804,NO_INFO,,PASAPORTE MEXICANO #12489349,10,,20190103,1000,,20170804,1,,ESP,1,0,1,1,0,0
I00713,MARÍA DE LOS ANGELES CRUZ VARGUEZ,760,MEX,CIUDAD DE MEXICO,1,CUAUHTEMOC,1,ROMA SUR,1,"MEDELLIN 340, DEP 302 A, COL. ROMA SUR, DEL. CUAUHTEMOC, CIUDAD DE MEXICO, MEXICO, CP  06760",0, NO_INFO ,1,5522197464,1,varguezandos@gmail.com,1,AAD702,20170804,NO_INFO,,"CREDENCIAL PARA VOTAR IFE, CLAVE DE ELECTOR CRVRAN72071009M200",10,,20190103,1000,,20170804,1,,ESP,1,1,0,0,1,0
I00715,KARLA LORENA ALVARADO PANIAGUA ,760,MEX,CIUDAD DE MEXICO,1,NAPOLES,1,NAPOLES,1,"CHICAGO ESQUINA CON ALTADENA, RESIDENCIAL WTC, DEPTO CC 1202, COL. NAPOLES, DEL. BENITO JUAREZ, CIUDAD DE MEXICO, MEXICO, CP 03810",0,75912859,1,5559470220,1,karalvarado@hotmail.com,1,AAL704,20170804,NO_INFO,,"CREDENCIAL PARA VOTAR IFE, CLAVE DE ELECTOR ALPNKR76083109M000",10,,20190103,1000,,20170804,1,,ESP,1,0,0,0,0,0
I00716,CLAUDIA PATRICIA ARDILA ROA,760,MEX,NO,1,NO,1,NO,1,"CALLE 18 SUR #1710, CASA 21, COL. HEROES PERIFERICO, PUEBLA, PUEBLA, MEXICO,CP72990",0, NO_INFO ,1,2222783852,1,arcp04@gmail.com,1,LDA705,20170804,NO_INFO,,PASAPORTE REPUBLICA DE COLOMBIA # AN785464,10,,20180106,,,20170804,1,,ESP,1,0,0,0,1,0
