I01172,RODRIGO GUILLERMO VEGA HERNANDEZ,760,MEX,JALISCO,1,ZAPOPAN,1,CHAPALITA,1,"AURORA 239, CHAPALITA",0,3333599699,1,,1,rodrigovegahe@gmail.com,1,WRT1162,20182907,"Ciudad de México, México",,CREDENCIAL PARA VOTAR IFE CLAVE: VGHRRD76090714H700,8,20190102,20190108,,,,1,"AURORA 239, CHAPALITA, ZAPOPAN, JALISCO, MEXICO, CP 44500",ESP,1,0,0,0,0,0
I01173,JULIA IBAÑEZ ORTEGA,760,ESP,LEON,1,CORRALES DE BARAJAS,1,24521,1,CL EL CRUCE 3,0, NO_INFO ,1,,1,zenabi_200@yahoo.es,1,SDF1163,20182907,"Ciudad de México, México",,PASAPORTE ESPAÑA AAH796803,8,20190102,20190108,,,,1,"CL EL CRUCE 3, 24521 CORRALES DE BARJAS, LEON, ESPAÑA",ESP,1,0,0,0,0,0
I01174,ALEXANDRA GISELLE MENA SOLIS,760,ECU,QUITO,1,SANGOLQUI,1,CANTON RUMIÑAHUI,1,AZOGES 5C Y MACAS,0,593983460756,1,,1,jiselle70@hotmail.com,1,CBN1164,20182406,"Quito, Ecuador",,CÉDULA DE CIUDADANÍA DE LA REPÚBLICA DEL ECUADOR NÚMERO 171079395-9.,8,20190101,20190107,,,,1,"AZOGES 5C Y MACAS, URBANIZACIÓN LOS ANGELES, CANTON RUMIÑAHUI, SANGOLQUI, QUITO, ECUADOR",ESP,1,0,0,0,0,0
I01175,LAURA ANDREA RINCON MONROY,760,MEX,CDMX,1,CUAUHTEMOC,1,COL. CONDESA,1,JUAN DE LA BARRERA#9,0,5552175579,1,,1,lawii@me.com,1,XFH1165,20180807,"Ciudad de México, México",,PASAPORTE MEXICANO G25526893,8,20190102,20190108,,,,1,"JUAN DE LA BARRERA#9. COL. CONDESA, CIUDAD DE MEXICO, MEXICO, CP 06140",ESP,1,0,0,0,0,0
I01176,MAURICIO MACAZAGA VILLICAÑA,760,MEX,QUERETARO,1,QUERETARO,1,FRACC. VILLAS PALMIRA,1,AV PALMIRA 305,0,4423222792,1,,1,macamx@gmail.com,1,XFR1166,20180807,"Ciudad de México, México",,CREDENCIAL PARA VOTAR IFE CLAVE: MCVLMR88061416H700,8,20190102,20190108,,,,1,"AV PALMIRA 305, FRACC. VILLAS PALMIRA, QUERETARO, QUERETARO, MEXICO, CP 76146",ESP,1,0,0,0,0,0
I01177,LIVIERE ALVAREZ CARRILLO,760,MEX,CDMX,1,TLALPAN,1,AMPL. ISIDRO FABELA,1,C CUITLAHUAC 165 EDIF. A DEP 201,0,5535700959,1,,1,livierealvarez@yahoo.com.mx,1,WDH1167,20180807,"Ciudad de México, México",,CREDENCIAL PARA VOTAR INE CLAVE: ALCRLV74111709M400,8,20190102,20190108,,,,1,"C CUITLAHUAC 165 EDIF. A DEP 201, AMPL. ISIDRO FABELA, TLALPAN, CIUDAD DE MEXICO, MEXICO, CP 14039",ESP,1,0,0,0,0,0
I01178,RUBEN DELAGARZA MENDIOLA,760,USA,TEXAS,1,HERLINGEN,1,78550,1,214 E DAVIS ST,0,9564541219,1,,1,NO_INFO,1,DFG1168,20180807,"Ciudad de México, México",,LICENCIA PARA CONDUCIR DE TEXAS 11535696,8,20190102,20190108,,,,1,"214 E DAVIS ST, HERLINGEN, TEXAS, USA, 78550",ESP,1,0,0,0,0,0
I01179,MARGARITA ISABEL GUERRERO VILLARREAL,760,MEX,CDMX,1,HUIXQUILUCAN,1,COL. LOMAS COUNTRY CLUB,1,AV PORTON DE LAS FLORES 36 T-C D-601,0,5548508090,1,,1,isagro09@hotmail.com,1,VFE1169,20182907,"Ciudad de México, México",,CREDENCIAL PARA VOTAR INE CLAVE: GRVLMR68061619M100,8,20190102,20190108,,,,1,"AV PORTON DE LAS FLORES 36 T-C D-601, COL. LOMAS COUNTRY CLUB, HUIXQUILUCAN, CIUDAD DE MEXICO, MEXICO, CP 52779",ESP,1,0,0,0,0,0
I01180,JUAN CARLOS ARMENTA UC,910,MEX,CDMX,1,COYOACAN,1,ALIANZA POLULAR REVOLUCIONARIA,1,CALLE A EDIF. 40 DEP 11 CP04800,0,5215513007314,1,,1,carloscfqmexico@gmail.com,1,GFR1170,20182007,"Ciudad de México, México",,CREDENCIAL PARA VOTAR IFE CLAVE: ARUCJN69111409H400,8,20190102,20190108,,,,1,"CALLE A EDIF. 40 DEP 11, UNIDAD ALIANZA POPULAR REVOLUCIONARIA, COYOACAN, CIUDAD DE MEXICO, MEXICO, CP04800",ESP,1,0,0,0,0,0
I01181,AGUEDA CORAL ABURTO PUEBLA,910,MEX,CDMX,1,TLALPAN,1,ISIDRO FABELA,1,CALLE 11A ORIENTE 51 CP14030,0,5215540074650,1,,1,ague.star@hotmail.com,1,FHJ1171,20182007,"Ciudad de México, México",,CREDENCIAL PARA VOTAR IFE CLAVE: ABPBAG88032509M400,8,20190102,20190108,,,,1,"CALLE 11A ORIENTE 51, COL. ISIDRO FABELA, TLALPAN, CIUDAD DE MEXICO, MEXICO, CP14030",ESP,1,0,0,0,0,0
I01182,CARELIA POLETTE OCHOA RODRIGUEZ,910,MEX,CDMX,1,AZCAPOTZALCO,1,TRABAJADORES DEL HIERRO,1,CALLE 24 595 CP 02650,0,5215522156516,1,,1,cp8arod@live.com.mx,1,UJG1172,20182007,"Ciudad de México, México",,CREDENCIAL PARA VOTAR INE CLAVE: OCRDCR76081209M800,8,20190102,20190108,,,,1,"CALLE 24 595, COL. TRABAJADORES DEL HIERRO, AZCAPOZALCO, CIUDAD DE MEXICO, MEXICO, CP 02650",ESP,1,0,0,0,0,0
I01183,MARTHA FABIOLA VAZQUEZ CORTES,910,MEX,CDMX,1,CIUDAD LOPEZ MATEOS,1,HACIENDA DEL VALLE ESCONDIDO,1,"HACIENDA DEL JARRALDE BERRI 34, CP52937",0,5215534211219,1,,1,mfavazcor@hotmail.com,1,GFU1173,20182007,"Ciudad de México, México",,PASAPORTE MEXICANO G04384652,8,20190102,20190108,,,,1,"HACIENDA DEL JARRALDE BERRI 34, COL. HACIENDA DE VALLE ESCONDIDO, CIUDAD DE MEXICO, MEXICO, CP52937",ESP,1,0,0,0,0,0
I01184,JOSE LUIS VIVEROS ACOSTA,910,MEX,CDMX,1,SAN MATEO ATENCO,1,FRACC VILLAS LA MAGDALENA II,1,IGNACIO ALLENDE 813 C5,0,5215513951995,1,,1,jlvive@hotmail.com,1,FGT1174,20182007,"Ciudad de México, México",,CREDENCIAL PARA VOTAR IFE CLAVE: VVACLS79123109H700,8,20190102,20190108,,,,1,"IGNACIO ALLENDE 813 C5, FRACC VILLAS LA MAGDALENA II, SAN MATEO ATENCO, CIUDAD DE MEXICO, MEXICO, CP 52104",ESP,1,0,0,0,0,0
I01185,ROSALBA ESPERON MELGAR,910,MEX,CDMX,1,HUIXQUILUCAN,1,HACIENDA DE LAS PALMAS,1,"JESUS DEL MONTE 34 T ED 2102, CP 52763",0,5215513760010,1,,1,rosalba.esperon@hotmail.com,1,HDS1175,20182007,"Ciudad de México, México",,CREDENCIAL PARA VOTAR IFE CLAVE: ESMLRS70111709M600,8,20190102,20190108,,,,1,"JESUS DEL MONTE 34 T ED 2102, HACIENDA DE LAS PALMAS, HUIXQUILUCAN, CIUDAD DE MEXICO, MEXICO, CP 52763",ESP,1,0,0,0,0,0
I01186,ELVIA DOMINGUEZ GALVAN,910,MEX,CDMX,1,GUSTAVO A. MADERO,1,PROVIDENCIA,1,EDO DE GUERRERO 44,0,5215534452414,1,,1,dgaivledg@hotmail.com,1,SFT1176,20182007,"Ciudad de México, México",,CREDENCIAL PARA VOTAR INE CLAVE: DMGLEL76013009M100,8,20190102,20190108,,,,1,"EDO DE GUERRERO 44, COL. PROVIDENCIA, GUSTAVO A MADERO, CIUDAD DE MEXICO, MEXICO, CP07550",ESP,1,0,0,0,0,0