I00548,NIGEL WAKLEY ,905,USA,WASHINGTON,1,YELM ,1,,1,"21840 PEISSNER RD SE, YELM WASHINGTON 98597-7950",0,13609551277,1,,1,nigelwakley@gmail.com,1,ILW548,20162511,NO_INFO,,DRIVER LICENSE WASHINGTON # WAKLENB294ME,10,,20170109,,,20162511,1,,ENG,1,0,0,0,0,0
I00549,IOANNIS SYRIGOS,905,GBR,LONDON,1,NO_INFO,1,,1,"27, OLD GLOUCESTER ST. WCN1 3AX",0,447595373884,1,,1,ioannisyrigos@live.co.uk,1,ONS549,20162511,NO_INFO,,,10,,20170102,,,20162511,1,,ENG,1,0,0,0,0,0
I00551,VERONICA MOMENTI ,905,ARG,BUENOS AIRES ,1,BUENOS AIRES ,1,"GENERAL PACHECO, TIGRE ",1,BANCALARI #3901 L. 694,0,1141452149,1,,1,veromomenti@gmail.com,1,ENC550,20161009,NO_INFO,,,10,,20170102,,,20161009,1,,ESP,1,0,0,0,0,0
I00554,JORGE ESEQUIEL RUVALCABA MURILLO,760,MEX,CHIHUAHUA,1,CHIHUAHUA,1,FRACC. LOMAS UNIVERSIDAD CP 31123,1,BAHÍA DE SAN QUINTÍN 8725,0,6141786184,1,,1,jruvalcaba61@hotmail.com,1,OEE551,20161411,NO_INFO,,,10,,20190102,1000,,20161411,1,,ESP,1,1,1,0,0,0
I00556,ROMMEL RAFAEL LEDESMA PIÑON,760,MEX,CHIHUAHUA,1,CHIHUAHUA,1,COL. AVÍCOLA II CP 31206,1,AGUASCALIENTES 2714,0,4431420653,1,,1,arqrommel@live.com,1,OEX552,20161411,NO_INFO,,,10,,20170102,,,20161411,1,,ESP,1,0,1,0,0,0
I00560,HILDA AGUIRRE MEDINA,760,MEX,CHIHUAHUA,1,CHIHUAHUA,1,COL. BUROCRATA ESTATAL CP 31210,1,CHIRICAHUAS 4305,0,6142232846,1,,1,h_aguirremedina@hotmial.com,1,IAA553,20161411,NO_INFO,,,10, ,20180112,1000, ,20161411,1,,ESP,1,0,1,0,0,0
I00564,MARJORIE VARGAS GOMEZ,760,AUT,WIEN,1,WIEN,1,A-1150,1,ZINCKGASSE 13/46,0,436764500752,1,,1,marjorievargas2000@yahoo.de,1,AOI554,20161111,NO_INFO,,,10,,20170102,,,20161111,1,,ESP,1,0,1,1,0,0
I00565,ROMAN HAVLIK,760,CZE,OLOMOUOC,1,OLOMOUC,1,MORAVIA,1,POD HVEZDARNOU 23,0,420776350505,1,,1,roman.havlik@fnol.cz,1,ONH555,20161111,NO_INFO,,,10,,20170102,,,20161111,1,,ENG,1,0,1,1,0,0
I00566,QUENTIN EDWARDS,760,AUT,WIEN,1,WIEN,1,1220,1,SCHUETTAUSTRASSE 46 / 18,0,436504542726,1,,1,lo_e9@yahoo.co.jp,1,UTN556,20161111,NO_INFO,,,10,,20170102,,,20161111,1,,ENG,1,0,0,0,0,0
I00567,FRENZEL INGRID,760,AUT,WIEN,1,WIEN,1,A-1030,1,MAROKKANERGASSE 3/1/39A,0,434069293,1,,1,ingrid.frenzel@yahoo.de,1,RZL557,20161111,NO_INFO,,,10,,20170102,,,20161111,1,,ENG,1,0,0,0,0,0
I00568,RACINE MANAS,760,AUT,WIEN,1,WIEN,1,1220,1,DRYGALSKIWEG 22/3,0,436763349316,1,,1,racine.dolphin@gmail.com,1,ANX558,20161111,NO_INFO,,,10,,20170102,,,20161111,1,,ENG,1,0,0,0,0,0
I00569,CLAIRE EDWARDS,760,AUT,WIEN,1,WIEN,1,1070,1,SEIDENGASSE 37/8,0,436502157911,1,,1,seimua@unseen.is,1,LRX559,20161111,NO_INFO,,,10, ,20170102, , ,20161111,1,,ENG,1,0,1,1,0,0
I00570,RAMAKRISHNA REBBAPRAGADA,760,AUT,WIEN,1,WIEN,1,1220,1,"BARANYGASSE 9, HAUS 4",0,4369916524760,1,,1,ramakrishna.rebbapragada@gmail.com,1,AKI560,20161111,NO_INFO,,,10,,20170102,,,20161111,1,,ENG,1,0,0,0,0,0
I00573,YVONNE FUENTES ROSAS,760,MEX,NUEVO LEON,1,MONTERREY,1,COL. RENACIMIENTO,1,"BELLINI 209-A COL. RENACIMIENTO CP 64925, MONTERREY, NUEVO LEON, MEXICO",0,8118160856,1,,1,yvonnefuentes@live.com.mx,1,VNX561,20161912,NO_INFO,,,10,,20190105,1000,,20161912,1,,ESP,1,0,0,0,0,0
I00575,MARIA ITZEL URIAS HOEFLICH,760,MEX,NUEVO LEON,1,MONTERREY,1,COL. JARDINES DEL PASEO,1,"PASEO MONTMARTRE 5505 COL. JARDINES DEL PASEO, MONTERREY, NUEVO LEON. CP 64900",0,8183096077,1,,1,itzeluch@hotmail.com,1,AAI563,20161912,NO_INFO,,,10,,20190104,1000,,20161912,1,,ESP,1,0,0,0,0,0
I00576,MONICA LOPEZ ESCAMILLA,760,MEX,NUEVO LEON,1,MONTERREY,1,COL. JARDINES DEL PASEO,1,"PASEO MONTMARTRE 5505 COL. JARDINES DEL PASEO, MONTERREY, NUEVO LEON. CP 64900",0,5554523636,1,,1,pezcamo@gmail.com,1,OCX564,20161912,NO_INFO,,,10,,20190104,1000,,20161912,1,,ESP,1,0,0,0,0,0
I00577,WILLY ARIAN CHAVEZ ROCHA,760,MEX,SAN LUIS POTOSI,1,SAN LUIS POTOSI,1,FRACC. MINAS DEL REAL ,1,"CTO MINAS DE DURANGO 213, FRACC. MINAS DEL REAL CP 78396 SAN LUIS POTOSI, SLP.",0,4442025043,1,,1,willy_arian@hotmail.com,1,IYA565,20161912,NO_INFO,,,10, ,20190105, , ,20161912,1,,ESP,1,0,0,0,0,0
I00578,HECTOR ARMANDO VALLES ESCOBEDO,760,MEX,ZACATECAS,1,SOMBRERETE,1,COL. EL CONSUELO,1,"VENUSTIANO CARRANZA 112, COL. EL CONSUELO, SOMBRERETE, ZA. CP 99100",0,4339350093,1,4338807849,1,angelus3456@gmail.com,1,EOX566,20161912,NO_INFO,,,10,,20190104,1000,,20161912,1,,ESP,1,0,0,0,0,0
I00579,MINERVA LOZANO ENCINA,760,MEX,SONORA,1,HERMOSILLO,1,LAS LOMAS REAL DEL PARQUE. ,1,"ANTONIO CASO #34 B, LAS LOMAS REAL DEL PARQUE. HERMOSILLO SONORA",0,6623777978,1,,1,miny_lozano@hotmail.com,1,IRA567,20161912,NO_INFO,,,10,,20180103,,,20161912,1,,ESP,1,0,0,0,0,0
I00580,MARCIA OFELIA MEZA,760,MEX,COAHUILA,1,SALTILLO,1,FRACC. GUANAJUATO ORIENTE,1,"MOROLEON #0198, FRACC. GUANAJUATO ORIENTE, CP 25286, SALTILLO, COAHUILA.",0,8442736234,1,,1,marcia87meza@gmail.com,1,AIX568,20161912,NO_INFO,1000,,10,,20190105,,,20161912,1,,ESP,1,0,0,0,0,0
I00581,CLEMENTE GARCIA LASSAULX,760,USA,TEXAS,1,HOUSTON,1,TX 77019,1,"1214 WEST GRAY ST, HOUSTON TX 77019, USA",0,8323872581,1,,1,lassaulx.studio@gmail.com,1,LET569,20161912,NO_INFO,,,10,,20170105,,,20161912,1,,ESP,1,0,0,0,0,0
I00582,MIGUEL ANGEL HERNANDEZ BARRIOS,760,MEX,SONORA,1,HERMOSILLO ,1,LAS LOMAS REAL DEL PARQUE,1,"ANTONIO CASO #34 B, LAS LOMAS REAL DEL PARQUE. HERMOSILLO SONORA",0,6621345342,1,,1,fderao@hotmail.com,1,IEX570,20161912,NO_INFO,,,10,,20180105,,,20161912,1,,ESP,1,0,0,0,0,0
I00583,GUSTAVO ZUÑIGA SORIANO,760,MEX,CAMPECHE,1,CARMEN,1,FRACC. RESIDENCIAL PALMIRA ,1,"PALMERA AFRICANA 36. FRACC. RESIDENCIAL PALMIRA CP 24154 CARMEN, CAMP.",0,9381507822,1,,1,carmenetwork@hotmail.com,1,UAO571,20161912,NO_INFO,,,10, ,20180105, , ,20161912,1,,ESP,1,1,0,0,0,0
I00584,JOSE MARTIN VALLES GAMON,760,MEX,"TORREON, COAH",1,"PARRAL, COAH.",1,COL. LAS QUINTAS,1,"CERRADA DEL PILAR # 46, COL. LAS QUINTAS, TORREON, COAHUILA.",0,8712305812,1,,1,jvallesgamon@yahoo.com.mx,1,OXA572,20161912,NO_INFO,1000,,10,,20190106,,,20161912,1,,ESP,1,0,0,0,0,0
I00585,MINERVA MIRANDA MIRANDA,905,MEX,CIUDAD DE MEXICO,1,ALVARO OBREGON,1,TIZAPAN,1,PRIV. MATAMOROS # 15 ,0,55954060,1,445537084590,1,vaner28@hotmail.com,1,IRA573,20161012,NO_INFO,,,10,,20180105,,,20161012,1,,ESP,1,0,0,0,0,0
I00586,GRECIA CUEVAS ALBAVERA,905,MEX,MORELOS ,1,CUERNAVACA,1,SAN ISIDRO/ MUNICIPIO JIUTEPEC ,1,FRANCISCO I. MADERO # 21 ,0,4554579,1,447772055355,1,aicerg94@hotmail.com,1,RIX574,20161012,NO_INFO,,,10,,20180105,,,20161012,1,,ESP,1,0,0,0,0,0
I00587,CRISTINA CARNERERO GARRIDO ,905,MEX,OAXACA,1,PUERTO ESCONDIDO,1,RINCONADA,1,"CALLE ORIAS # 11, DEP 3 ",0,5219831149683,1,,1,c.carnerero@hotmail.com,1,RTN575,20161012,NO_INFO,,,10,,20180105,,,20161012,1,,ESP,1,0,0,0,0,0
I00588,LAURA ELENA VILLA CASTILLA ,760,MEX,VERACRUZ,1,BOCA DEL RIO,1,"FRACC, RESIDENCIAL LA JOYA",1,"PRIVADA CANTERA 8, FRACC, RESIDENCIAL LA JOYA, CP 94293, BOCA DEL RIO, VERACRUZ, MEXICO",0,5212292931501,1,,1,lauravilla1901@live.com.mx,1,AAE576,20170901,NO_INFO,,,10,,20180104,,,20170901,1,,ESP,1,0,0,0,0,0
I00589,FILIBERTO VILLARREAL VALDIVIESO,760,MEX,VERACRUZ,1,BOCA DEL RIO,1,"FRACC, LOMAS DEL MAR",1,"6 DE ENERO 49, FRACC, LOMAS DEL MAR, CP 94294, BOCA DEL RIO VERACRUZ",0,5212292668184,1,,1,filibertovillarreal@gmail.com,1,IBR577,20170901,NO_INFO,,,10, ,20180104, , ,20170901,1,,ESP,1,0,0,0,0,0
I00590,KARINA SOFIA ZENIL ROBLES,760,MEX,VERACRUZ,1,BOCA DEL RIO,1,"FRACC, LOMAS DEL MAR",1,"6 DE ENERO 49, FRACC, LOMAS DEL MAR, CP 94294, BOCA DEL RIO VERACRUZ",0,5212292138032,1,,1,kzenil09@gmail.com,1,ANX578,20170901,NO_INFO,,,10,,20190102,1000,,20170901,1,,ESP,1,0,0,0,0,0
I00591,VIRGINIA VARGAS FERRER,760,MEX,VERACRUZ,1,BOCA DEL RIO,1,COL. 1o DE MAYO NORTE,1,"CALLE MARLIN 109 DEPARTAMENTO 2F, FRACC. COSTA DEL ORO, VERACRUZ",0,5212291693451,1,,1,NO_INFO,1,III579,20170901,NO_INFO,,,10,,20180104,,,20170901,1,,ESP,1,0,0,0,0,0
I00592,SILVIA CAROLINA HERNANDEZ HERNANDEZ,760,MEX,VERACRUZ,1,VERACRUZ,1,"FRACC, REFORMA",1,"CHALCHIHUECAN 81 COLON, FRACC, REFORMA CP 91919, VERACRUZ, VERACRUZ",0,5219381060251,1,,1,carher1303@hotmail.com,1,IIX580,20170901,NO_INFO,,,10,,20180104,,,20170901,1,,ESP,1,0,0,0,0,0
I00593,ALMA LUZ RAMIREZ USCANGA,760,MEX,VERACRUZ,1,VERACRUZ,1,FRACC. LAGUNA REAL,1,"LOS PATOS 21 ARCO IRIS SALTO AZUL, FRACC. LAGUNA REAL CP 91790, VERACRUZ, VERACRUZ",0,5212299132447,1,,1,alma.luz.ramirez@hotmail.com,1,LXU581,20170901,NO_INFO,,,10,,20180104,,,20170901,1,,ESP,1,0,0,0,0,0
I00594,MARIA DOLORES GONZALEZ PEREZ,760,MEX,VERACRUZ,1,BOCA DEL RIO,1,LA TAMPIQUEÑA,1,"CALLE PASEO BOCA DEL RIO 9, DEP 5-A INTERIOR, LA TAMPIQUEÑA, BOCA DEL RIO VERACRUZ, CP 94290",0,5212299066248,1,,1,lolisgonzalez9@hotmail.com,1,AAD582,20170901,NO_INFO,,,10,,20180104,,,20170901,1,,ESP,1,0,0,0,0,0
I00595,JOHNATON BOSSICK,713,USA,WASHINGTON,1,RAINIER,1,98576,1,14509 VAIL CUT OFF RD SE,0,3603509862,1,,1,bossickj@gmail.com,1,OAO583,20171601,NO_INFO,,,10, ,20180104, , ,20171601,1,,ENG,1,0,0,0,0,0
I00596,LESLEY COCHRAN-HULCOOP,713,CAN,ONTARIO,1,ALMONTE,1,KOA1A0,1,403 BENNIES COURNES RD,0,6132569373,1,,1,innerrevelations@gmail.com,1,EEX584,20171601,NO_INFO,,,10,,20180104,,,20171601,1,,ENG,1,0,0,0,0,0
I00597,LUZ OSPINA,713,CAN,ONTARIO,1,TORONTO,1,M4C2C9,1,20 MIDBURN AVE ,0,4163038677,1,,1,ospinaluz@hotmail.com,1,UOP585,20171601,NO_INFO,,,10,,20180104,,,20171601,1,,ESP,1,0,0,0,0,0
I00598,SHERRY  RUSSELL,713,USA,ARIZONA,1,SCOTTSDALE,1,85255,1,8257 EAST HOVERLAND RD,0,6025655167,1,,1,slrussell51@gmail.com,1,HRX586,20171601,NO_INFO,,,10,,20180104,,,20171601,1,,ENG,1,0,0,0,0,0
I00599,SHANNIE SMITH,713,USA,ARIZONA,1,SCOTTSDALE,1,85255,1,7743 EAST NESTLING WAY,0,7738377491,1,,1,shanniekrussell@gmail.com,1,HNE587,20171601,NO_INFO,,,10,,20180104,,,20171601,1,,ENG,1,0,0,0,0,0
I00600,MARIA BEST,713,CAN,ONTARIO,1,OTTAWA,1,K1K 4R4 ,1,532 MONTREAL RD. BOX # 322,0,6137495669,0,,0,heavensangels_7@hotmail.com,0,AAB588,20171601,NO_INFO,,,10,,20180104,,,20171601,1,,ENG,1,0,0,0,0,0
I00601,CHRISTIE LANCE,713,CAN,ONTARIO,1,GLEN WILLIAMS,1,L7G 0E6,1,34 AINLEY TRAIL,0, 416.738.8979 ,1,,1,christie@riverstonedesigns.com,1,HSI589,20171601,NO_INFO,,,10, ,20180104, , ,20171601,1,,ENG,1,0,0,0,0,0
I00602,CHIPO SHAMBARE,713,CAN,ONTARIO,1,OTTAWA,1,K1Y1P2,1,111 340 PARKDALE AVE,0,6136802044,1,,1,cawnys@yahoo.ca,1,HOS590,20171601,NO_INFO,,,10,,20180104,,,20171601,1,,ENG,1,0,0,0,0,0
I00603,NORBERTO ENRIQUE SCHULZ,760,ARG,CORDOBA,1,VILLA YACANTO CALAMUCHITA ,1,,1,"RIVADAVIA ESQ. ENTRE RIOS S/N- VILLA YACANTO CALAMUCHITA CORDOBA, ARGENTINA.",0,5493546456713,1,,1,coloresperanzafm@gmail.com,1,OET591,20173001,NO_INFO,,,10,,20180104,,,20173001,1,,ESP,1,0,0,0,0,0
I00604,VICTORIA DANIELA FLORES,760,ARG,BUENOS AIRES,1,AGRONOMIA,1,,1,"ZAMUDIO 3290, AGRONOMIA, CD DE BUENOS AIRES, ARGENTINA",0,1537678434,1,,1,victoriadanielaflores@gmail.com,1,IOI592,20173001,NO_INFO,,,10,,20180104,,,20173001,1,,ESP,1,0,0,0,0,0
I00605,MARIA LUISA RIZO ESTRADA,760,ARG,CORDOBA,1,VILLA YACANTO CALAMUCHITA ,1,,1,"RIVADAVIA ESQ. ENTRE RIOS S/N- VILLA YACANTO CALAMUCHITA CORDOBA, ARGENTINA.",0,1537678434,1,,1,victoriadanielaflores@gmail.com,1,AAL593,20173001,NO_INFO,,,10,,20180104,,,20173001,1,,ESP,1,0,0,0,0,0
I00606,MARIA DEL CARMEN BONAÑO ,760,ARG,CAPITAL FEDERAL,1,NO_INFO,1,,1,"CUBA 3485, 2ª A. 1429-CAPITAL FEDERAL, ARGENTINA",0,1550193708,1,,1,maria.bonano@gmail.com,1,AAD594,20173001,NO_INFO,,,10,,20180104,,,20173001,1,,ESP,1,0,0,0,0,0
I00607,CARMEN CAROLINA CABRERA MARTINEZ,760,ARG,BUENOS AIRES,1,VILLA PUEYRREDON,1,,1,"MISTRAL 2402 4 C VILLA PUEYRREDON, BUENOS AIRES.",0,1557381478,1,,1,carolita.morrison@gmail.com,1,AEX595,20173001,NO_INFO,,,10, ,20180104, , ,20173001,1,,ESP,1,0,0,0,0,0
I00608,LAURA LETICIA BOBBIO ,760,ARG,BUENOS AIRES,1,NO_INFO,1,,1,"UGARTECHE 3037 5 A, CIUDAD DE BUENOS AIRES, ARGENTINA",0,1566855008,1,,1,laurabobbio@yahoo.com,1,AAL596,20173001,NO_INFO,,,10,,20180104,,,20173001,1,,ESP,1,0,0,0,0,0
I00609,PABLO EMILIO ROBLES,760,ARG,SALTA,1,VILLA SAN LORENZO,1,,1,"COLOMBIA 440 PB 01 V* SAN LORENZO, VILLA SAN LORENZO, SALTA",0,5493876024409,1,,1,info@silvalife.com.ar,1,AOE597,20173001,NO_INFO,,,10,,20190102,1000,,20173001,1,,ESP,1,1,0,0,0,0
I00610,MARIA CECILIA FATIMA ASENSIO,760,ARG,PARANA ENTRE RIOS,1,PARANA ENTRE RIOS,1,,1,"BUENOS AIRES 471, PARANA, PARANA ENTRE RIOS",0,3431553048,1,,1,ceciliafasensio@yahoo.com.ar,1,AAC598,20173001,NO_INFO,,,10,,20180104,,,20173001,1,,ESP,1,0,0,0,0,0
