I01071,MARIA CAROLINA AMUNATEGUI,760,USA,FLORIDA,1,DORAL,1,33178,1,"9805 NW 52 STREET APARTAMENT 308, DORAL, FLORIDA, 33178, USA",0,3056806172,1,,1,carolabatfer@hotmail.com,1,AAC1061,20181504,"Miami, Florida, USA",,LICENCIA DE CONDUCIR DE FLORIDA No. A553543698300,8,20180111,20190106,,,,1,,ESP,1,0,0,0,0,0
I01072,MARIA DEL CARMEN VILLASEÑOR GALVAN,905,MEX,BAJA CALIFORNIA,1,TIJUANA,1,FRACC. JARDINES DE LA MESA,1,"ORQUÍDEAS NTE 9213 I FRACC. JARDINES DE LA MESA, TIJUANA, BAJA CALIFORNIA, MEXICO, CP 22680",0,5216641811164,1,,1,macvig25@hotmail.com,1,AAD1062,20182904,"Ciudad de México, México",,CREDENCIAL PARA VOTAR INE: VLGLCR87072514M600,8,20180111,20190106,,,,1,,ESP,1,0,0,0,0,0
I01073,DULCE NEMESIS PEREZ CISNEROS,905,MEX,EDO DE MEX,1,TOLUCA,1,EX HACIENDA SAN JOSÉ,1,"RINCONADA DE LAS ERAS #7, COL. EX HACIENDA SAN JOSE, TOLUCA, MEXICO, CP 50000",0,525554037683,1,7224896068,1,dnpcdul@hotmail.com,1,UEN1063,20182904,"Ciudad de México, México",,CREDENCIAL PARA VOTAR IFE: PRCSDL78033009M800,8,20180111,20190106, , ,,1,,ESP,1,0,0,0,0,0
I01074,MARIA ELENA BRAULT,905,USA,CALIFORNIA,1,SAN DIEGO,1,CP 92111,1,"3115 VIA AMATA, SAN DIEGO, CALIFORNIA, USA. 92111",0,18587750818,1,,1,me@jq42.com,1,AAE1064,20182904,"Ciudad de México, México",,"LICENCIA DE MANEJO CALIFORNIA, E.E.U.U. C 0793069",8,20180111,20190106,,,,1,,ESP,1,0,0,0,0,0
I01075,MARIA DE LA PAZ CHAVEZ DE LA ROCHA,908,MEX,CHIHUAHUA,1,CHIHUAHUA,1,SANTO NIÑO,1,"CALLE 25 #707, COL. SANTO NIÑO, CHIHUAHUA, CHUHUAHUA, MEXICO, CP. 31200",0,6142153066,1,,1,mapycha@gmail.com,1,AAD1065,20183004,"Chihuahua, Chih, México",,CREDENCIAL PARA VOTAR INE: CHRCPZ64082908M300,8,20180111,20190106,,,,1,,ESP,1,0,0,0,0,0
I01076,ZULEMA BELTRAN BENITEZ,909,MEX,ESTADO DE MEXICO,1,ATIZAPAN DE ZARAGOZA,1,LAS COLONIAS,1,"AV DE LAS GRANJAS #35, EDIFICIO 4, DEPTO 1401, LAS COLONIAS, ATIZAPAN DE ZARAGOZA, CIUDAD DE MEXICO, MEXICO CP 52953",0,5554090744,1,,1,gigibeltran40@gmail.com,1,UMX1066,20182705,"Ciudad de México, México",,CREDENCIAL PARA VOTAR IFE: 0370003042941,8,20180112,20190106,,,,1,,ESP,1,0,0,0,0,0
I01077,ERIKA MARIANA GARCIA LOPEZ,909,MEX,ESTADO DE MEXICO,1,NAUCALPAN DE JUÁREZ,1,LOMAS DE LAS FUENTES,1,"AV. DE LA REYNA #76, FRACC. LOMAS DE LAS FUENTES, JUAREZ, CIUDAD DE MEXICO, MEXICO CP 53115",0,5522712141,1,,1,maer92@hotmail.com,1,RAC1067,20182705,"Ciudad de México, México",,CREDENCIAL PARA VOTAR INE: 1474540254,8,20180112,20190106,,,,1,,ESP,1,0,0,0,0,0
I01078,ALEJANDRA VADO VALVERDE,909,MEX,ESTADO DE MEXICO,1,HUIXQUILUCAN,1,RESIDENCIAL VILLA DEL LAGO,1,"JESUS DEL MONTE #47 VILLA DEL LAGO, TORRE D 603, PISO 3, RESIDENCIAL VILLA DEL LAGO, HUIXQUILUCAN, CIUDAD DE MEXICO, MEXICO CP 52764",0,5527283261,1,,1,alejandra.vado@mx.mcd.com,1,LAD1068,20182705,"Ciudad de México, México",,INSTITUTO NACIONAL DE MIGRACION 148787,8,20180112,20190106,,,,1,,ESP,1,0,0,0,0,0
I01079,VERONICA ELIZABETH RAMOS CAMPA,909,MEX,ESTADO DE MEXICO,1,HUIXQUILUCAN,1,COL. JESUS DEL MONTE,1,"2DA CERRADA DEL DEPORTE #26 CASA 5, COL. JESUS DEL MONTE, HUIXQUILUCAN, CIUDAD DE MEXICO, MEXICO CP 52764",0,5566091216,1,,1,vramoschinta@gmail.com,1,ENC1069,20182705,"Ciudad de México, México",,CREDENCIAL PARA VOTAR INE: RMCMVR73112809M600,8,20180112,20190106, , ,,1,,ESP,1,0,0,0,0,0
I01080,ELENA GONZALEZ CABALLERO,760,ESP,MADRID,1,28049,1,,1,"AV DE MONASTERIO DE SILOS 024, PTAL B, BAJ B, 28049, MADRID, ESPAÑA",0,41787242365,1,,1,elenagonzalezcaballero@yahoo.es,1,LAG1070,20180605,"Madrid, España",,DOCUMENTO NACIONAL DE IDENTIDAD 51400700R,8,20180112,20190106,,,,1,,ESP,1,0,1,1,0,0
I01081,MONTSERRAT HIDALGO ARANDA,760,ESP,LLOSETA,1,CARRER. SANTA CATALINA THOMAS,1,,1,"CARRER. SANTA CATALINA THOMAS 0033, PIS:P02, PTA:B. LLOSETA, ESPAÑA",0,34620009789,1,,1,montserrat_h_a@hotmail.com,1,OSR1071,20180605,"Madrid, España",,DOCUMENTO NACIONAL DE IDENTIDAD 46645321X,8,20180112,20190106,,,,1,,ESP,1,0,0,0,0,0
I01082,MARY-LAURE ISABELLE TEYSSEDRE,760,EST,TALLINN,1,SEPAPAJA,1,HARJU MAAKOND,1,"DIRECCION DE TRABAJO: HARJU MAAKOND, TALLINN, SEPAPAJA TN 6, 15551",0,33614601690,1,,1,marylauret@yahoo.fr,1,A-A1072,20180605,"Madrid, España",,PASAPORTE DE LA REPUBLICA DE FRANCIA 14CY68147,8,20180112,20190106,,,,1,,ESP,1,0,1,1,0,0
I01083,IVAN BERMEJO MONTULL,760,ESP,LLEIDA,1,ALBATARREC,1,25171,1,"TRAVESSIA PASSEIG 2 LOCAL, 25171, ALBATARREC, LLEIDA, ESPAÑA.",0,34651364777,1,,1,ivanberme@hotmail.com,1,VXE1073,20180605,"Madrid, España",,DOCUMENTO NACIONAL DE IDENTIDAD 44016265S,8,20180112,20190106,,,,1,,ESP,1,0,0,0,0,0
I01084,IVETH CONSTANTINA CRUZ QUISPE,760,ESP,LLEIDA,1,ALBATARREC,1,25171,1,"TRAVESSIA PASSEIG 2 LOCAL, 25171, ALBATARREC, LLEIDA, ESPAÑA.",0,34649873839,1,,1,NO_INFO,1,VHC1074,20180605,"Madrid, España",,DOCUMENTO NACIONAL DE IDENTIDAD 49537039F,8,20180112,20190106,,,,1,,ESP,1,0,0,0,0,0
I01085,IRENE DIAZ-MORENO MARTIN,760,ESP,MADRID,1,GUADARRAMA,1,,1,"MONTELON 6, 2E, GUADARRAMA, MADRID, ESPAÑA",0,34651957911,1,,1,eireniris@gmail.com,1,RED1075,20180605,"Madrid, España",,DOCUMENTO NACIONAL DE IDENTIDAD 00825862R,8,20180112,20190106, , ,,1,,ESP,1,0,1,1,0,0
I01086,SILVINA ANDREA MECCHIA,760,ESP,MADRID,1,VILLANUEVA DE LA CAÑADA,1,28691,1,"MAGALLANES 4, 28691, VILLANUEVA DE LA CAÑADA, MADRID, ESPAÑA",0,34625431042,1,,1,samix075@gmail.com,1,IIA1076,20180605,"Madrid, España",,PASAPORTE DE LA REPUBLICA DE ITALIA YA0687990,8,20180112,20190106,,,,1,,ESP,1,0,1,1,0,0
I01087,PAOLA SANZ VELASCO,760,GE SWISS,MEINIER,1,CHEMIN DU STADE,1,1252,1,"APARTAMENT No 3, 14 CHEMIN DU STADE, 1252, MEINIER, GE SWISS.",0,41765150382,1,,1,premsan@gmail.com,1,AAS1077,20180605,"Madrid, España",,CARTA DE IDENTIDAD DE SUIZA E1885024,8,20180112,20190106,,,,1,,ESP,1,0,0,0,0,0
I01088,FAUSTO TOPICO GUTIERREZ,760,ESP,NO_INFO,1,NO_INFO,1,,1,,0, NO_INFO ,1,,1,fausto.dopico@yahoo.es,1,ATX1078,20180605,"Madrid, España",,,50,,20190106,,,20180605,1,,ESP,1,0,0,0,0,0
I01089,ING. NORBERT NOVAK,760,AUT,WIEN,1,1230,1,,1,"HOPFLERGASSE 6 / 13 /4, CP 1230, WIEN (GKZ 90001), AUSTRIA.",0, NO_INFO ,1,,1,NO_INFO,1,NXO1079,20181305,"Wien, Österreich",,PASAPORTE DE AUSTRIA P 3342862,8,20180112,20190106,,,,1,,DEU,1,0,1,1,0,0
I01090,ING. ROMAN GOLUBICH,760,AUT,WIEN,1,1220,1,,1,"HARDEGGASSE 67 / 15 / 11, CP 1220, WIEN (GKZ 90001), AUSTRIA.",0, NO_INFO ,1,,1,NO_INFO,1,NXO1080,20181305,"Wien, Österreich",,PASAPORTE DE AUSTRIA U 0326701,8,20180112,20190106,,,,1,,DEU,1,0,0,0,0,0
I01091,SUSANNE MORGENBESSER,760,AUT,ENZENREITH (GKZ 31808),1,2640,1,,1,"HARTERSTRASE 13/ 3, CP 2640, ENZENREITH (GKZ 31808), AUSTRIA.",0, NO_INFO ,1,,1,NO_INFO,1,UNE1081,20181305,"Wien, Österreich",,PASAPORTE DE AUSTRIA U 1519171,8,20180112,20190106, , ,,1,,DEU,1,0,0,0,0,0
I01092,DR. ULRIKE WESSELY,760,AUT,WIEN,1,1140,1,,1,"DIESTERWEGG. 19/2/2, 1140, WIEN, AUSTRIA.",0, NO_INFO ,1,,1,NO_INFO,1,RUR1082,20181305,"Wien, Österreich",,PASAPORTE DE AUSTRIA U 1421024,8,20180112,20190106,,,,1,,DEU,1,0,0,0,0,0
I01093,SENDY FANY ALCANTARA GARCIA,910,MEX,CIUDAD DE MEXICO,1,MIGUEL HIDALGO,1,10 DE ABRIL,1,"2DO CALLEJÓN DE SAN JOAQUÍN #8, 10 DE ABRIL, MIGUEL HIDALGO, CIUDAD DE MEXICO, MEXICO  CP 11250",0,5215541425796,1,,1,sendybabytigger@hotmail.com,1,EYF1083,20181805,"Ciudad de México, México",,CREDENCIAL PARA VOTAR INE ALGRSN82051509M700,8,20180112,20190106,,,,1,,ESP,1,0,0,0,0,0
I01094,FELIX DANIEL ALCANTARA GARCIA ,910,MEX,CIUDAD DE MEXICO,1,MIGUEL HIDALGO,1,FRANCISCO I. MADERO,1,"LAGO GINEBRA #402, FRANCISCO I. MADERO, MIGUEL HIDALGO, CIUDAD DE MEXICO, MEXICO, CP 11480",0,5215536681538,1,,1,fdanielalcantara@hotmail.com,1,EXD1084,20181805,"Ciudad de México, México",,CREDENCIAL PARA VOTAR INE ALGRFL69080609H201,8,20180112,20190106,,,,1,,ESP,1,0,0,0,0,0
I01095,LORENA PEREZ JACOME FRISCIONE,905,USA,NUEVA YORK,1,MANHATTAN,1,10065,1,"240 E. 61st. STREET, MANHATTAN, NEW YORK, E.E.U.U. 10065",0,13059240778,1,   ,1,lorenaperezjacome@yahoo.com,1,ONX1085,20181405,"Ciudad de México, México",,LICENCIA MANEJO MEXICANA N05753468,8,20180112,20190106,,,,1,,ESP,1,0,0,0,0,0
I01096,CLAUDIA GEORGINA LARRAZOLO OCCELLI,905,MEX,CIUDAD DE MEXICO,1,DEL. ALVARO OBREGON,1,TIZAPÁN SAN ANGEL ,1,"TEPIC 43 INT 12, COL. TIZAPAN SAN MIGUEL, AVARO OBREGON, CIUDAD DE MEXICO, MEXICO, CP1090 ",0,525539776475,1,525555507979,1,claularra@yahoo.com.mx,1,LDA1086,20181405,"Ciudad de México, México",,CREDENCIAL PARA VOTAR INE LROCCL71040609M800,8,20180112,20190106,,,,1,,ESP,1,0,0,0,0,0
I01097,ANA PAULA RUANO,905,USA,MIAMI,1,FLORIDA,1,3009,1,"3009 PINE TREE DRIVE, MIAMI BEACH, FLORIDA, E.E.U.U. 33140",0,13052063426,1,   ,1,alemanana@mac.com,1,NPU1087,20181405,"Ciudad de México, México",,LICENCIA MANEJO DE FLORIDA E.E.U.U. R500-015-79-6470,8,20180112,20190106, , ,,1,,ESP,1,0,0,0,0,0
I01098,MONICA CECILIA SEPULVEDA GUTIERREZ,905,MEX,EDO DE MEXICO,1,LERMA,1,FRACC. CLUB LOS ENCINOS,1,"CALLE PASEO DE LOS ENCINOS #30, FRACC. LOS ENCINOS, LERMA, LERMA, ESTADO DE MEXICO, CP52000",0,525512641911,1,527282841822,1,monica3163@hotmail.com,1,OCX1088,20181405,"Ciudad de México, México",,PASAPORTE MEXICANO G05013480,8,20180112,20190106,,,,1,,ESP,1,0,0,0,0,0
I01099,MICHELLE CONDE COMBE,905,MEX,EDO DE MEXICO,1,LERMA ,1,FRACC. CLUB LOS ENCINOS,1,"PASEO DE LOS CIPRESES NÚM.  6, COL. CLUB DE GOLF LOS ENCINOS, LERMA DE VILLADA, ESTADO DE MEXICO, MEXICO, CP 52005",0,525551049913,1,527222822120,1,mcc77c@aol.com,1,IEL1089,20181405,"Ciudad de México, México",,CREDENCIAL PARA VOTAR IFE CNCMMC69100709M700,8,20180112,20190106,,,,1,,ESP,1,0,0,0,0,0
I01100,PAULINA BARRIENTOS MUÑOHIERRO,905,MEX,HUIXQUILUCAN,1,HUIXQUILUCAN,1,"HDA. DE LAS PALMAS, INTERLOMAS",1,"AVE. JESÚS DEL MONTE 41 - 706B, PARQUE INTERLOMAS-PARQUE INTERLOMAS, HUIXQUILUCAN, CIUDAD DE MEXICO, MEXICO. CP 52764",0,525534298611,1,525552474697,1,paulinabarri27@gmail.com,1,AIA1090,20181405,"Ciudad de México, México",,CREDENCIAL PARA VOTAR IFE BRMHPL90052609M800,8,20180112,20190106,,,,1,,ESP,1,0,0,0,0,0
I01101,SANDRA BEATRIZ NUÑEZ GUTIERREZ,905,MEX,GUANAJUATO,1,LEON,1,PEDREGAL DEL GIGANTE ,1,"PASEO DE LA ESPERANZA 106, COL. PEDREGAL DEL GIGANTE, LEON, GUANAJUATO, GUANAJUATO, MEXICO, CP 37297",0,524771616245,1,524772187195,1,rectora2012@outlook.com,1,ARX1091,20181405,"Ciudad de México, México",,CREDENCIAL PARA VOTAR IFE NZGTSN70103101M300,8,20180112,20190106,,,,1,,ESP,1,0,0,0,0,0
I01102,ISABEL LOPEZ NUÑEZ,905,MEX,GUANAJUATO,1,LEON,1,PEDREGAL DEL GIGANTE ,1,"PASEO DE LA ESPERANZA 106, COL. PEDREGAL DEL GIGANTE, LEON, GUANAJUATO, GUANAJUATO, MEXICO, CP 37297",0,524771616242,1,524772187195,1,isabel._il@outlook.es,1,SEX1092,20181405,"Ciudad de México, México",,PASAPORTE MEXICANO G25051090,0,20180112,20190106,,,,1,,ESP,1,0,0,0,0,0
I01103,PABLO JOSE MARTINEZ LANZ,905,MEX,CIUDAD DE MEXICO,1,MIGUEL HIDALGO,1,LOMAS DE CHAPULTEPEC,1,"SIERRA TARAHUMARA PTE, 135 CASA 1, LOMAS DE CHAPULTEPEC, DEL. MIGUEL HIDALGO, CIUDAD DE MEXICO, MEXICO, CP 11000",0,525543603509,1,   ,1,pmlanz@gmail.com,1,AOJ1093,20181405,"Ciudad de México, México",,LICENCIA DE CONDUCIR MEXICANA R-10144807,0,20180112,20190106, , ,,1,,ESP,1,0,0,0,0,0
I01104,MARIA DEL CARMEN SANAHUJA FIGUERAS,760,ESP,REUS (TARRAGONA),1,43205,1,,1,"GARROFERS No. 23, 43205, REUS (TARRAGONA) ESPAÑA",0, NO_INFO ,1,,1,NO_INFO,1,AAD1094,20180605,"Madrid, España",,DOCUMENTO DE IDENTIDAD 39877780N,8,20180112,20190106,,,,1,,ESP,1,0,0,0,0,0
I01105,HERMINE JÜNGLING,760,AUT,WIEN,1,1130,1,,1,"ERZBISCHOFGASSE 3A/2/4, 1130, WIEN, AUSTRIA (GKZ90001)",0, NO_INFO ,1,,1,NO_INFO,1,EIE1095,20181305,"Wien, Österreich",,PASAPORTE DE AUSTRIA P 8014551,8,20180112,20190106,,,,1,,DEU,1,0,0,0,0,0
I01106,DAVID RAMOS CRUZ,910,MEX,CIUDAD DE MEXICO,1,TLALPAN,1,VILLA COAPA,1,"EL MAYORAZGO MZ 5 # 16, VILLA COAPA, TLALPAN CIUDAD DE MEXICO, MEXICO, CP 14340",0, NO_INFO ,1,,1,NO_INFO,1,ADR1096,20181805,"Ciudad de México, México",,CREDENCIAL PARA VOTAR INE RMCRDV73123009H300,8,20180112,20190106,,,,1,,ESP,1,0,0,0,0,0
I01107,MIRIAM GUADALUPE VALVERDE VAZQUEZ,910,MEX,COAHUILA,1,FRANCISCO I. MADERO,1,FRACC. NUEVO LINARES DEL SUR,1,"VIENA 120. FRACC. NUEVO LINARES DEL SUR, FRANCISCO I. MADERO, COAHUILA, MEXICO, CP 27900",0, NO_INFO ,1,,1,NO_INFO,1,IAX1097,20181805,"Ciudad de México, México",,CREDENCIAL PARA VOTAR IFE VLVZMR92062705M400,8,20180112,20190106,,,,1,,ESP,1,0,0,0,0,0
I01108,ELIZABETH MONTES DORANTES,908,MEX,QUERETARO,1,CADEREYTA,1,CENTRO,1,"MIGUEL HIDALGO No. 32, COL. CENTRO CADEREYTA, CADEREYTA, QUERETARO, MEXICO, CP 76500",0,4411075216,1,   ,1,elimon1@live.com,1,LAE1098,20182805,"Querétaro, Qro, México",,CREDENCIAL PARA VOTAR INE CLAVE: MNDREL71080122M500,8,20180112,20190106,,,,1,,ESP,1,0,0,0,0,0
I01109,THELMA ILIANA RAMIREZ GARCIA,908,MEX,QUERETARO,1,QUERETARO,1,AZTECA,1,"CUAUHTEMOC No. 122, COL. AZTECA, QUERETARO, QUERETARO, MEXICO, CP 76085",0,4423792501,1,   ,1,tramirez@queretaro.com.mx,1,HMX1099,20182805,"Querétaro, Qro, México",,CREDENCIAL PARA VOTAR IFE CLAVE: RMGRTH70012822M200,8,20180112,20190106, , ,,1,,ESP,1,0,0,0,0,0
I01110,LAURA JESSICA PASCACIO VILLAFAN,908,MEX,QUERETARO,1,CELAYA,1,PALMA REAL,1,"CTO. PALMA REAL 132, COL. PALMA REAL, CELAYA, GUANAJUATO, MEXICO, CP 38080",0,4611380936,1,   ,1,jesica1599@lycos.com,1,AAJ1100,20182805,"Querétaro, Qro, México",,CREDENCIAL PARA VOTAR IFE CLAVE: PSVLLR81101815M600,8,20180112,20190106,,,,1,,ESP,1,0,0,0,0,0
I01111,JANETH LUEVANO BARBOZA,905,MEX,BAJA CALIFORNIA,1,ENSENADA,1,EJ. HÉROES DE LA INDEPENDENCIA ,1,EJÉRCITO NACIONAL 433,0,526461502763,1,,1,janiluz88@gmail.com,1,JLB1101,20181406,"Ciudad de México, México",,CREDENCIAL PARA VOTAR IFE CLAVE: LVBRJN84052602M100,8,20190101,20190107,,,,1,"EJERCITO NACIONAL #433, COL. EJ. DE LA INDEPENDENCIA, ENSENADA, BAJA CALIFORNIA, MEXICO, CP 22917",ESP,1,0,0,0,0,0
I01112,ANA CECILIA GOMEZ,905,USA,TEXAS,1,MISSION,1, C.P. 78572-6479,1,2606 SAN EDUARDO STREET,0,9562125008,1,9565857749,1,cecilin2000@yahoo.com,1,ACG1102,20181406,"Ciudad de México, México",,LICENCIA DE CONDUCIR DE TEXAS 05311230,8,20190101,20190107,,,,1,"2606 SAN EDUARDO, MISSION, TEXIAS, E.U.A., 78572",ESP,1,0,0,0,0,0
I01113,SANDRA OLGUIN CORONA,905,MEX,CDMX,1,ALVARO OBREGON,1,COL PUEBLO AXOTLA,1,AVE UNIVERSIDAD 1409-105B,0,525541315627,1,,1,solguinco@gmail.com,1,SOC1103,20181406,"Ciudad de México, México",,CREDENCIAL PARA VOTAR IFE CLAVE: OLCRSN69080209M700,8,20190101,20190107,,,,1,"AVE UNIVERSIDAD 1409-105B, COL. PUEBLO AXOTLA, ALVARO OBREGON, CIUDAD DE MEXICO, MEXICO, CP 01030",ESP,1,0,0,0,0,0
I01114,FABIOLA ACENET ROJAS RODRIGUEZ,905,MEX,CDMX,1,CUAUHTEMOC,1,"COL ROMA NORTE, C.P. 06700, DEL.CUAUHTÉMOC",1,CALLE DURANGO 104-102,0,525554038523,1,,1,NO_INFO,1,FAR1104,20181406,"Ciudad de México, México",,CREDENCIAL PARA VOTAR IFE CLAVE RJRDFB76110609M400,8,20190101,20190107,,,,1,"CALLE DURANGO 104-102, ROMA NORTE, CUAUHTEMOC, CIUDAD DE MEXICO, MEXICO, CP 06700",ESP,1,0,0,0,0,0
I01115,AISKEL NAHOMY GONZALEZ,760,USA,FLORIDA,1,MIAMI,1,33185,1,,0,17869754079,1,,1,aiskelpetrash@hotmail.com,1,ANG1105,20172606,"Miami, Florida, USA",,LICENCIA DE CONDUCIR: G524 014 73 690 0,10,,20190107,,,20172606,1,,ESP,1,0,0,0,0,0
I01116,ANA MORENO,760,USA,FLORIDA,1,BRADENTON,1,34205,1,,0,19415361418,1,,1,anamoreno2910@gmail.com,1,AMO1106,20172606,"Miami, Florida, USA",,LICENCIA DE CONDUCIR: M650 000 79 755 0,10,,20190107,,,20172606,1,,ESP,1,0,0,0,0,0
I01117,ALMA ARGELIA AGUIRRE,760,USA,FLORIDA,1,LAKE ALFRED,1,33850,1,,0,18632164406,1,,1,argeliacamarena@yahoo.com,1,ARU1107,20172606,"Miami, Florida, USA",,LICENCIA DE CONDUCIR: A260 001 71 727 0,10,,20190107,,,20172606,1,,ESP,1,0,0,0,0,0
I01118,NILDA LATORRE,760,USA,FLORIDA,1,MIAMI,1,33125,1,,0,17868792311,1,,1,nildalq@hotmail.com,1,NLT1108,20172606,"Miami, Florida, USA",,LICENCIA DE CONDUCIR: L360 620 71 946 0,10,,20190107,,,20172606,1,,ESP,1,0,0,0,0,0
I01119,VICTORINA ACEVEDO-AGUILAR,760,USA,SHELTON,1,CONNECTICUT,1,´06484,1,,0,19144980128,1,,1,lucerogray12@gmail.com,1,VAA1109,20172606,"Miami, Florida, USA",,ADULT LEARNER PERMIT: 249211723,10,,20190107,,,20172606,1,,ESP,1,0,0,0,0,0
I01120,ADRIAN CEDEÑO CEDEÑO,713,PAN,PANAMA,1,ENTRADAS BRISAS DEL GOLF,1,,1,QUINTAS DE MONTICELLO TORREMOLINOS CA 99B,0,50769826034,1,,1,acedeno@alhoapanama.com,1,ACD1110,20181006,"Panama, Panama",,CREDENCIAL TRIBUNAL ELECTORAL REPUBLICA DE PANAMA 8-423-402,8,20190101,20190107,,,,1,"QUINTAS DE MONTICELLO TORREMOLINOS CA 99B, ENTRADAS BRISAS DEL GOLF, PANAMA, PANAMA",ESP,1,0,0,0,0,0
