I00611,CECILIA KEREKES,760,ARG,BUENOS AIRES,1,VICENTE LOPEZ,1,,1,"URQUIZA 1841 FLORIDA, VICENTE LOPEZ, BUENOS AIRES",0,1522484394,1,,1,cili_cilke@hotmail.com,1,ELA599,20173001,NO_INFO,,,10,,20180104,,,20173001,1,,ESP,1,0,0,0,0,0
I00612,OLGA CORONEL,760,ARG,BUENOS AIRES,1,EZEIZA,1,,1,"MAFALDA 897 EZEIZA, BUENOS AIRES",0,1551614787,1,,1,olgacoronel09@live.com,1,LXO600,20173001,NO_INFO,,,10,,20180104,,,20173001,1,,ESP,1,1,0,0,0,0
I00613,MARIEL MARINA ROMERO,760,ARG,BUENOS AIRES,1,TANDIL,1,,1,"CHIENNO 260 TANDIL, TANDIL, BUENOS AIRES",0,542494693641,1,,1,elcuartoespacio@yahoo.com.ar,1,AEX601,20173001,NO_INFO,,,10, ,20190101,1000, ,20173001,1,,ESP,1,0,0,0,0,0
I00614,MARIANO JAVIER CASTILLO,760,ARG,RIO NEGRO,1,LAS GRUTAS SAN ANTONIO,1,,1,"SIERRA GRANDE 838 LAS GRUTAS SAN ANTONIO, RIO NEGRO",0,15357932,1,,1,marianocastil55@gmail.com,1,AAO602,20173001,NO_INFO,,,10,,20180104,,,20173001,1,,ESP,1,0,0,0,0,0
I00615,MARIANO OLIVERA AVELLANEDA,760,ARG,BUENOS AIRES,1,TIGRE,1,,1,RT6500 B.ALTAMIRA LOT 122 RINCON DE MILBERG.TIGRE BUENOS AIRES,0,1559493952,1,,1,oliveramoa@yahoo.com.ar,1,AAO603,20173001,NO_INFO,,,10,,20180104,,,20173001,1,,ESP,1,0,0,0,0,0
I00616,CLAUDIA VANESA RAGO,760,ARG,BUENOS AIRES,1,MORON,1,,1,CORONEL TOSCANO 852 HAEDO.BUENOS AIRES.MORON.ARGENTINA,0,1557449341,1,,1,vanesarago97@gmail.com,1,LDA604,20173001,NO_INFO,,,10,,20180104,,,20173001,1,,ESP,1,0,0,0,0,0
I00617,FLORENCIA PARKER HOLMBERG,760,ARG,BUENOS AIRES,1,LA LUCILA,1,,1,"CAP J6 BERMUDEZ 1411, LA LUCILA, BUENOS AIRES, ARGENTINA",0,1531371162,1,,1,florparker@htmail.com,1,LEC605,20173001,NO_INFO,,,10,,20180104,,,20173001,1,,ESP,1,0,0,0,0,0
I00618,BARBARA JÖRGENSEN,760,ARG,CAPITAL FEDERAL,1,COGHLAR,1,,1,"WASHINGTON 2693, DEPTO 7, COGHLAR, CAP. FED. ARGENTINA",0,1556547731,1,,1,barjorgensen@gmail.com,1,AAA606,20173001,NO_INFO,,,10,,20180104,,,20173001,1,,ESP,1,1,0,0,0,0
I00619,LUIS JAVIER ORTIZ AMEZQUITA,908,MEX,CHIHUAHUA,1,CHIHUAHUA,1,COL. SAN FELIPE,1,FCO A BARRIENTOS #201 B,0,6142894736,1,,1,luisjaortiz@hotmail.com,1,UXA607,20173001,NO_INFO,,,10, ,20190101,1000, ,20173001,1,,ESP,1,1,0,0,1,0
I00620,LUZ MARIA AMEZQUITA GALVAN,908,MEX,CHIHUAHUA,1,CHIHUAHUA,1,COL. SAN FELIPE,1,FCO A BARRIENTOS #201 B,0,6144133862,1,,1,luzma201@prodigy.net.mx,1,UMR608,20173001,NO_INFO,,,10,,20190101,1000,,20173001,1,,ESP,1,1,0,0,1,0
I00621,NINFA LEE CARRASCO,908,MEX,CHIHUAHUA,1,CHIHUAHUA,1,COL. CHULA VISTA,1,PRIV DIAMANTE 1316,0,6143947098,1,,1,ninfalee11@hotmail.com,1,IAL609,20173001,NO_INFO,,,10,,20180104,,,20173001,1,,ESP,1,0,0,0,0,0
I00622,PATRICIA ARMENDARIZ BORJA,908,MEX,CHIHUAHUA,1,CHIHUAHUA,1,FRACC VENC DEL DESIERTO,1,PRIV DE AV 2A SUR 18,0,6391215640,1,,1,pattyaborja@hotmail.com,1,AII610,20173001,NO_INFO,,,10,,20180104,,,20173001,1,,ESP,1,0,0,0,0,0
I00623,BERTHA ESCARCEGA VARGAS,908,MEX,CHIHUAHUA,1,CHIHUAHUA,1,FRACC QUINTA MONTECARLO IIB,1,ARBOL DEL HUMO 1014,0,6142518993,1,,1,vbettinna@yahoo.com.mx,1,EHX611,20173001,NO_INFO,,,10,,20180104,,,20173001,1,,ESP,1,0,0,0,0,0
I00624,IBET LUNA PEREZ,908,MEX,CHIHUAHUA,1,CHIHUAHUA,1,COL. SAN FELIPE,1,DIEGO DE VILCHIS 2943,0,6141260608,1,,1,Ibetluna@hotmail.com,1,BXU612,20173001,NO_INFO,,,10,,20180104,,,20173001,1,,ESP,1,0,0,0,0,0
I00625,GABRIELA EUGENIA FLORES ESPARZA,908,MEX,CHIHUAHUA,1,CHIHUAHUA,1,COL. LOMAS AMERICA,1,CIRCUITO DE LAS 3 CULTURAS 19,0,6141966962,1,,1,gaby_flores55@hotmail.com,1,AIL613,20173001,NO_INFO,,,10, ,20180104, , ,20173001,1,,ESP,1,0,0,0,0,0
I00626,DAVID BURROLA HEREDIA,908,MEX,NO_INFO,1,NO_INFO,1,,1,,0,6142805278,1,,1,david795g@gmail.com,1,ADB614,20173001,NO_INFO,,,10,,20180104,,,20173001,0,,ESP,1,0,0,0,0,0
I00627,NIDIA AZUCENA GRANADOS ESCARCEGA,908,MEX,CHIHUAHUA,1,CHIHUAHUA,1,COL. DESARROLLO URBANO,1,PRIV DE FUNDICION 618,0,6142251910,1,,1,niddeaaa@hotmail.com,1,IAA615,20173001,NO_INFO,,,10,,20180104,,,20173001,1,,ESP,1,0,0,0,0,0
I00628,DORA MARTINEZ BAEZ,760,MEX,CHIHUAHUA,1,CD JUAREZ,1,COL. TERCERA BUROCRATA,1,MAR BALTICO 1287,0,6563514286,1,,1,NO_INFO,1,OXA616,20172002,NO_INFO,,,10,,20180105,,,20172002,1,,ESP,1,0,0,0,0,0
I00629,YOLANDA CARO ROMERO,760,USA,CALIFORNIA,1,SAN JOSE,1,95122,1,"1754 ORLANDO DR. SAN JOSE, CALIFORNIA, USA, 95122",0,4089314294,1,,1,kukudemon@yahoo.com,1,ONA617,20172002,NO_INFO,,,10,,20180105,,,20172002,1,,ESP,1,0,0,0,0,0
I00630,MARISOL PADILLA MATA,760,USA,CALIFORNIA,1,GRANITE BAY,1,95148,1,"3174 SYLVAN DR. GRANITE BAY, CALIFORNIA USA, 95148",0,4084407915,1,,1,mpm2828@hotmail.com,1,ASL618,20172002,NO_INFO,,,10,,20180105,,,20172002,1,,ESP,1,0,0,0,0,0
I00631,CATALINA MENDOZA,760,USA,CALIFORNIA,1,STOCKTON,1,95209,1,"10631 HIDDEN GROVE CIR, STOCKTON, CALIFORNIA, 95209",0,2092989562,1,,1,biocaty2012@gmail.com,1,ALN619,20172002,NO_INFO,,,10, ,20180105, , ,20172002,1,,ESP,1,0,0,0,0,0
I00632,PATRICIA ROSENDA FAUSTO,760,USA,CALIFORNIA,1,HAYWARD ,1,94543,1,"BRICH ST. HAYWARD CALIFORNIA, 94541",0,5108123776,1,,1,imgrilufa@yahoo.com,1,AII620,20172002,NO_INFO,,,10,,20180105,,,20172002,1,,ESP,1,0,0,0,0,0
I00633,LETICIA ELICEA,760,USA,CALIFORNIA,1,GRANITE BAY,1,95746,1,"8377 MIDLAND RD, GRANITE BAY, CALIFORNIA, 95746",0,4083680130,1,,1,instituto@isehn.org,1,ECA621,20172002,NO_INFO,,,10,,20180105,,,20172002,1,,ESP,1,0,0,0,0,0
I00634,ADRIAN GUTIERREZ MALDONADO,908,MEX,CHIHUAHUA,1,CD JUAREZ,1,COL. MORELOS I,1,PRESA DE JUCHITENGO 902,0,52016562810507,1,,1,adrian_msn_@hotmail.com,1,DAX622,20171202,NO_INFO,,IFE  GTMLAD80071708H400,10,,20180105,,,20171202,1,,ESP,1,0,0,0,0,0
I00635,CINTHIA TERESITA CALDERON DOMINGUEZ,908,MEX,CHIHUAHUA,1,CD JUAREZ,1,COL. HACIENDA DE LA CANTERA,1,HACIENDA DE LA CANTERA 1951-55 ORIENTE,0,52016564090714,1,,1,cintytadguez@gmail.com,1,IHA623,20171202,NO_INFO,,PASAPORTE MEXICANO   G02251589,10,,20180105,,,20171202,1,,ESP,1,0,0,0,0,0
I00636,ESPERANZA CERECEDES DE REYES,908,MEX,CHIHUAHUA,1,CD JUAREZ,1,COL. PARTIDO SENECU,1,PRIV.  DE LOS CERDA #8626,0,52016562751363,1,,1,lreyes@ciselp.com.mx,1,SRN624,20171202,NO_INFO,,PASSPORT CARD   C09679755,10,,20180105,,,20171202,1,,ESP,1,0,0,0,0,0
I00637,DIANA REYES,908,USA,TEXAS,1,AUSTIN,1,78745,1,501 E. STASSNEY LN. APT. 1510,0,19154902919,1,,1,diana_8945@hotmail.com,1,IAR625,20171202,NO_INFO,,USA PASSPORT    520520179,10, ,20180105, , ,20171202,1,,ESP,1,0,0,0,0,0
I00638,JUAN JOSE MARTINEZ PEREZ,908,MEX,CHIHUAHUA,1,CD JUAREZ,1,COL. FRACC. JARDINES DE ARAGON,1,CAMINO A CORUÑA # 1372 SUR,0,52016561995148,1,,1,mvzmartinez@live.com.mx,1,UXO626,20171202,NO_INFO,,IFE   MRPRJN81042808H600,10,,20180105,,,20171202,1,,ESP,1,0,0,0,0,0
I00639,JAIME ALBERTO PINEDA MACHADO,908,MEX,CHIHUAHUA,1,CD JUAREZ,1,FRACC CERRADA DE TARSO,1,PRIV DE TARSO 1152,0,6561455255,1,,1,jaimepineda84@gmail.com,1,AEA627,20171102,NO_INFO,,,10,,20180105,,,20171102,1,,ESP,1,0,0,0,0,0
I00640,NIZAYETH SALDAÑA LOPEZ,908,MEX,PUEBLA,1,PUEBLA,1,HUEXOTITLA,1,PRIVADA 8 DEL A 16 DE SEPTIEMBRE #3704,0,2221067849,1,,1,puebla@centroveo.com.mx,1,IYT628,20161007,NO_INFO,,,10,,20190101,,,20161007,1,,ESP,1,0,0,0,0,0
I00641,STEPHANIE DIANA BARRERA LOPEZ,910,MEX,EDO. MEX.,1,ECATEPEC,1,JARDINES DE MORELOS,1,,0,5534343771,1,,1,psic.fanny.bl@gmail.com,1,THN629,20160912,NO_INFO,,,10,,20190102,1000,,20160912,1,,ESP,1,0,0,0,0,0
I00642,ROSA DIAZ HERNANDEZ,908,MEX,GUERRERO,1,ACAPULCO,1,FRACC. MAGALLANES,1,JOSE LUIS CURIEL #29,0,7441418228,1,,1,rosy@centroveo.com.mx,1,OXI630,20161007,NO_INFO,,,10,,20190103,1000,,20161007,1,,ESP,1,0,0,0,0,0
I00643,PAOLA XIMENA CASARES MONTIEL,908,MEX,PUEBLA,1,PUEBLA,1,HUEXOTITLA,1,PRIVADA 8 DEL A 16 DE SEPTIEMBRE #3704,0,2222155368,1,,1,puebla@centroveo.com.mx,1,AAX631,20161007,NO_INFO,,,10, ,20180102, , ,20161007,1,,ESP,1,0,0,0,0,0
I00644,VANESSA RIVERA SANTILLAN,908,MEX,PUEBLA,1,PUEBLA,1,HUEXOTITLA,1,PRIVADA 8 DEL A 16 DE SEPTIEMBRE #3704,0,2225773906,1,,1,puebla@centroveo.com.mx,1,ASA632,20161007,NO_INFO,,,10,,20180102,,,20161007,1,,ESP,1,0,0,0,0,0
I00645,XHAIL AMELIA LOPEZ SUAREZ,908,MEX,PUEBLA,1,SAN MIGUEL,1,PLAZA SOLE,1,"BLVD. 18 SUR #5120, LOCAL 35",0,2222152846,1,,1,pueblasole@centroveo.com.mx,1,HLA633,20161007,NO_INFO,,,10,,20190104,1000,,20161007,1,,ESP,1,1,0,0,0,0
I00646,MARIA DE LOURDES ALCANTAR VILCHIS,908,MEX,CDMEX,1,CUAHUTEMOC,1,SANTA MARIA LA RIBERA,1,MARIANO AZUELA 120 #402,0,5542981662,1,,1,lulis_1770@live.com,1,AAD634,20161007,NO_INFO,1000,,10,,20190107,1000,,20161007,1,,ESP,1,0,0,0,0,0
I00648,MARIA EUGENIA VARGAS GUERRERO,908,MEX,CDMEX,1,NICOLAS ROMERO,1,FRANCISCO I MADERO,1,C. SIERRA NEVADA #4,0,5545382092,1,,1,maru_anahuac@hotmail.com,1,AAE636,20162207,NO_INFO,,,10,,20180102,,,20162207,1,,ESP,1,0,0,0,0,0
I00651,DIANA GARCIA CORONA,906,MEX,CHIHUAHUA,1,CHIHUAHUA,1,FRACC. LOMAS UNIVERSIDAD,1,UNIV.DE VIENA NO.8536,0,6141956740,1,,1,garco.diana@gmail.com,1,IAG639,20161011,NO_INFO,,,10,,20190104,1000,,20161011,1,,ESP,1,0,0,0,0,0
I00652,FRANCISCO JAVIER  LUJAN RENTERIA,906,MEX,CHIHUAHUA,1,VILLA LOPEZ,1,LOC. LOPEZ,1,CALLE MINA NO.7,0,6563105559,1,,1,NO_INFO,1,RCS640,20161011,NO_INFO,,,10,,20180102,,,20161011,1,,ESP,1,0,0,0,0,0
I00653,ALICIA MARGAIN MEDINA,910,MEX,CIUDAD DE MEXICO,1,BENITO JUAREZ,1,DEL VALLE SUR,1,,0,5551980112,1,,1,aliciaemargain@gmail.com,1,LIX641,20172701,NO_INFO,,,10,,20180105,,,20172701,1,,ESP,1,0,0,0,0,0
I00654,SEBASTIAN GARZA,910,MEX,CIUDAD DE MEXICO,1,ALVARO OBREGON,1,TIZAPAN SAN ANGEL,1,,0,5541934222,1,,1,institutoramaia@gmail.com,1,ESI642,20172701,NO_INFO,,,10,,20180105,,,20172701,1,,ESP,1,1,0,0,0,0
I00655,JOSE JOSE REYES BARRUETA,910,MEX,CIUDAD DE MEXICO,1,TLAHUAC,1,COLONIA DEL MAR,1,,0,5530773414,1,,1,jose200828@yahoo.com.mx,1,OXO643,20172701,NO_INFO,,,10, ,20180105, , ,20172701,1,,ESP,1,0,0,0,0,0
I00656,ALEJANDRA GONZALEZ GONZALEZ,910,MEX,CIUDAD DE MEXICO,1,BENITO JUAREZ,1,XOCO,1,,0,5548803067,1,,1,alejandra_gg@live.com.mx,1,LAD644,20172701,NO_INFO,,,10,,20180105,,,20172701,1,,ESP,1,0,0,0,0,0
I00657,RUTH ESPINOZA TERRAZAS,910,MEX,CIUDAD DE MEXICO,1,IZTAPALAPA,1,EL SANTUARIO,1,,0,5513701159,1,,1,guereja9091@gmail.com,1,UXS645,20172701,NO_INFO,,,10,,20180105,,,20172701,1,,ESP,1,1,1,0,0,0
I00658,JULIO CESAR SANCHEZ MENDOZA,910,MEX,EDO. MEX.,1,TLALNEPANTLA,1,UNIDAD EL ROSARIO II,1,,0,5521759122,1,,1,psicjuliouin@hotmail.com,1,UOC646,20172701,NO_INFO,,,10,,20180105,,,20172701,1,,ESP,1,0,0,0,0,0
I00659,LIDIA PEDRAZA ANAYA,910,MEX,EDO. MEX.,1,CUAUHTITLAN IZCALLI,1,LOMAS DE SAN FRANCISCO TEPOJACO,1,,0,5544617156,1,,1,l_pedraza74@hotmail.com,1,IAP647,20172701,NO_INFO,,,10,,20180105,,,20172701,1,,ESP,1,1,1,0,0,0
I00663,JORGE ABRAHAM ACOSTA GARCÍA ,905,MEX,CIUDAD DE MEXICO,1,DEL. MIGUEL HIDALGO ,1,COL. ESCANDÓN 1RA SECCIÓN,1,"PUENTE LA MORENA 43-3, CP 11800",0,445517751657,1,,1,atencion.acosta@gmail.com,1,OEA651,20171903,NO_INFO,,,10,,20180106,,,20171903,1,,ESP,1,0,0,0,0,0
I00664,JACQUELINE CANO HERNANDEZ ,905,MEX,CIUDAD DE MEXICO,1,DEL. BENITO JUARÉZ ,1,COL. XOCO,1,"SAN FELIPE 85 C 107, CP 03330",0,445540949798,1,525541733653,1,jackiecanoh@hotmail.com,1,AUL652,20171903,NO_INFO,,,10,,20180106,,,20171903,1,,ESP,1,0,0,0,0,0
I00665,TIM SEBASTIAN FYRST,905,USA,"WASHINGTON,",1,"YELM,",1,,1,"14625 ROCKY BLUE ACRES LANE SE 98597,",0,13602399883,1,,1,timfyrst@gmail.com,1,ISB653,20171203,NO_INFO,,,10,,20180106,,,20171203,1,,ENG,1,0,0,0,0,0
I00666,SUE ELLEN SYKES,905,USA,WASHINGTON,1,RAINIER,1,,1,"16932, BRASHER LANE SE, 98597",0,13607422667,1,13604460468,1,sophie17sykes@gmail.com,1,UEL654,20171203,NO_INFO,,,10,,20180106,,,20171203,1,,ENG,1,0,0,0,0,0
