I00922,RAFAEL ALEMAÑ BAÑULS,760,ESP,MADRID,1,NO_INFO,1,CP 28011,1,"AVDA. MANZANARES 30 PO2 IZQ, MADRID ESPAÑA, CP 28011",0,34610543905,1,,1,raleman967@gmail.com,1,AEX910,20172310,NO_INFO,,DOCUMENTO NACIONAL DE IDENTIDAD DE ESPAÑA 21466931L,10,,20180112,,,20172310,1,,ESP,1,0,0,0,0,0
I00923,MARIA TERESA SORO ALACID,760,ESP,MADRID,1,ALICANTE,1,ELDA CP 28922,1,"C. LUIS BATLLES 27, PO1 DR, ELDA, ALICANTE, MADRID ESPAÑA, CP 28922",0,34646778698,1,,1,tsoro9@hotmail.es,1,AAT911,20172310,NO_INFO,,DOCUMENTO NACIONAL DE IDENTIDAD DE ESPAÑA 22136293N,10,,20180112,,,20172310,1,,ESP,1,0,1,0,0,0
I00924,EMILIO BAEZA JIMENEZ,760,ESP,RIAZA SEGOVIA,1,NO_INFO,1,CP 40500,1,"COLONIA GARCIA TAPIA, 5B, RIAZA SEGOVIA, ESPAÑA, CP 40500",0,34622222125,1,,1,emiliobaeza13@gmail.com,1,MIX912,20172310,NO_INFO,,DOCUMENTO NACIONAL DE IDENTIDAD DE ESPAÑA 02892518S,10,,20180112,,,20172310,1,,ESP,1,0,1,1,0,0
I00925,PETRA PRUTYSZYNOVA,760,CZE,OLOMOUOC,1,OLOMOUC,1,MORAVIA,1,"BOHU_OVICE, ZA PILOU, CP 4, OLOMOUC, CZECH REPUBLIC",0,420776350505,1,,1,roman.havlik@fnol.cz,1,EAP913,20173010,NO_INFO,,CZECH REPUBLIC IDENTIFICATION CARD No. 207540448,10, ,20180112, , ,20173010,1,,CZE,1,0,0,0,0,0
I00926,SILVIE MADEROVA,760,CZE,OLOMOUOC,1,OLOMOUC,1,MORAVIA,1,"KOPERNIKOVA 206/2A, OLOMOUC, LOSOV, CZECH REPUBLIC",0,420776350505,1,,1,roman.havlik1@fnol.cz,1,IIX914,20173010,NO_INFO,,CZECH REPUBLIC IDENTIFICATION CARD No. 114287287,10,,20180112,,,20173010,1,,CZE,1,0,0,0,0,0
I00927,IRENA VASICOVA,760,CZE,OLOMOUOC,1,OLOMOUC,1,MORAVIA,1,"TEPLICE NAD BECVOU 67, 75301,  CZECH REPUBLIC",0,420776350505,1,,1,roman.havlik2@fnol.cz,1,RAV915,20173010,NO_INFO,,CZECH REPUBLIC IDENTIFICATION CARD No. 112270960,10,,20180112,,,20173010,1,,CZE,1,0,0,0,0,0
I00928,ALES ZBOZINEK,760,CZE,OLOMOUOC,1,OLOMOUC,1,MORAVIA,1,"MICKIEWICZOVA, CP 1036/28A, KARVINA, CZECH REPUBLIC",0,420776350505,1,,1,roman.havlik3@fnol.cz,1,LXB916,20173010,NO_INFO,,CZECH REPUBLIC IDENTIFICATION CARD No. 203964345,10,,20180112,,,20173010,1,,CZE,1,0,0,0,0,0
I00929,MARTIN HAVLIK,760,CZE,OLOMOUOC,1,OLOMOUC,1,MORAVIA,1,"39 RUE BASSE DES GROVETS, 41000, BLOIS, FRANCE",0,420776350505,1,,1,roman.havlik4@fnol.cz,1,AIX917,20173010,NO_INFO,,CZECH REPUBLIC IDENTIFICATION CARD No. 202146373,10,,20180112,,,20173010,1,,CZE,1,0,0,0,0,0
I00930,ZDENKA HRAZSKA,760,CZE,OLOMOUOC,1,OLOMOUC,1,MORAVIA,1,"KARLOVICE, KARLOVICE, BRUNTAL CP 368, CZECH REPUBLIC",0,420776350505,1,,1,roman.havlik5@fnol.cz,1,DKX918,20173010,NO_INFO,,CZECH REPUBLIC IDENTIFICATION CARD No. 204278691,10,,20180112,,,20173010,1,,CZE,1,0,0,0,0,0
I00931,IVETA NOVOTNA,760,CZE,OLOMOUOC,1,OLOMOUC,1,MORAVIA,1,"FISCHEROVA 685/36, OLOMOUC, NOVE SADY, CZECH REPUBLIC",0,420776350505,1,,1,roman.havlik6@fnol.cz,1,VAN919,20173010,NO_INFO,,CZECH REPUBLIC IDENTIFICATION CARD No. 112256442,10, ,20180112, , ,20173010,1,,CZE,1,0,0,0,0,0
I00932,MARTA NEKLANOVA,760,CZE,OLOMOUOC,1,OLOMOUC,1,MORAVIA,1,"VRBATKY, CP 783/16, CZECH REPUBLIC",0,420776350505,1,,1,roman.havlik7@fnol.cz,1,AAN920,20173010,NO_INFO,,CZECH REPUBLIC PASAPORTE No. 42779414,10,,20180112,,,20173010,1,,CZE,1,0,0,0,0,0
I00933,ZDENKA REPKOVA,760,CZE,OLOMOUOC,1,OLOMOUC,1,MORAVIA,1,"I.P. PAVLOVA 2/87, OLOMOUC, NOVA ULICE, CZECH REPUBLIC",0,420776350505,1,,1,roman.havlik8@fnol.cz,1,DKX921,20173010,NO_INFO,,CZECH REPUBLIC IDENTIFICATION CARD No. 115339271,10,,20180112,,,20173010,1,,CZE,1,0,0,0,0,0
I00934,LENKA DOUBRAVSKA,760,CZE,OLOMOUOC,1,OLOMOUC,1,MORAVIA,1,"ROSICKEHO, CP 339/12, OLOMOUC, NEREDIN, CZECH REPUBLIC",0,420776350505,1,,1,roman.havlik9@fnol.cz,1,EAD922,20173010,NO_INFO,,CZECH REPUBLIC IDENTIFICATION CARD No. 208323905,10,,20180112,,,20173010,1,,CZE,1,0,0,0,0,0
I00935,TEREZA KURTISOVA,760,CZE,OLOMOUOC,1,OLOMOUC,1,MORAVIA,1,"RESSLOVA 277/20, OLOMOUC, NOVA ULICE, CZECH REPUBLIC",0,420776350505,1,,1,roman.havlik10@fnol.cz,1,EZX923,20173010,NO_INFO,,CZECH REPUBLIC IDENTIFICATION CARD No. 112151469,10,,20180112,,,20173010,1,,CZE,1,0,0,0,0,0
I00936,ALICE NOVAKOVA,760,CZE,OLOMOUOC,1,OLOMOUC,1,MORAVIA,1,"POZARNIKU, CP 456/9A, OLOMOUC, SLAVONIN, CZECH REPUBLIC",0,420776350505,1,,1,roman.havlik11@fnol.cz,1,LEN924,20173010,NO_INFO,,CZECH REPUBLIC IDENTIFICATION CARD No. 207763797,10,,20180112,,,20173010,1,,CZE,1,0,0,0,0,0
I00937,DAVID TESARIK,760,CZE,OLOMOUOC,1,OLOMOUC,1,MORAVIA,1,"SVATY KOPECEK, K HAJENCE, CP 249/5, OLOMOUC, CZECH REPUBLIC",0,420776350505,1,,1,roman.havlik12@fnol.cz,1,ADT925,20173010,NO_INFO,,CZECH REPUBLIC IDENTIFICATION CARD No. 206307637,10, ,20180112, , ,20173010,1,,CZE,1,0,0,0,0,0
I00938,ILEANA FRIAS ORNELAS,908,MEX,CHIHUAHUA,1,CHIHUAHUA,1,FRACC. BOSQUES DEL VALLE I,1,PASEO DE LAS RINCONADAS 9901-67,0,6141849338,1,,1,ileana_frias@hotmail.com,1,LNX926,20171010,NO_INFO,,INE FRORIL80081008M500,10,,20180112,,,20171010,1,,ESP,1,0,0,0,0,0
I00939,MARIBEL ESCAJEDA REZA,908,MEX,CHIHUAHUA,1,CD JUAREZ,1,MORELOS I,1,VALERIO TRUJANO 803 ORIENTE,0,8711602349,1,,1,escajedarezamaribel@gmail.com,1,ABL927,20171010,NO_INFO,,INE ESRZMR78120405M401,10,,20180112,,,20171010,1,,ESP,1,0,0,0,0,0
I00940,LAURA MERCADO,908,USA,TEXAS,1,EL PASO,1,CP 79936,1,11849 SIERRA AZUL,0,9157999784,1,,1,laura_409@yahoo.com,1,AAM928,20171010,NO_INFO,,PASAPORTE USA 477310463,10,,20180112,,,20171010,1,,ESP,1,0,0,0,0,0
I00941,CAROLINE HAMMERLE MASSAER,910,MEX,EDO. MEX.,1,CIUDAD LÓPEZ MATEOS,1,BOSQUE ESMERALDA,1,"AVE. BOSQUE DE SANDALO CASA 31 COND ROBLEDO, COL. BOSQUE ESMERALDA, CIUDAD LOPEZ MATEOS, ESTADO DE MEXICO. CP 52930",0,5213331708587,1,,1,carolinehammerle@hotmail.com,1,ALN929,20172710,NO_INFO,,PASAPORTE DE LA REPUBLICA DE COLOMBIA NO. AS661662,10,,20180112,,,20172710,1,,ESP,1,0,0,0,0,0
I00942,VIRGINIA CARRILLO ZAMORA,910,MEX,CIUDAD DE MEXICO,1,CUAUHTÉMOC,1,DOCTORES,1,"DR. ERAZO 88 INTERIOR 3, COL. DOCTORES VMC, CUAUTHEMOC, CIUDAD DE MEXICO, DOCTORES CP 06720",0,5215518349447,1,,1,vickysobrino@yahoo.com.mx,1,III930,20172710,NO_INFO,,PASAPORTE MEX G13769579,10,,20180112,,,20172710,1,,ESP,1,0,1,1,0,0
I00943,J ERNESTO ELEAZAR ALVAREZ LAGUNAS,910,MEX,HIDALGO,1,TEPEAPULCO,1,CARROS ,1,"JUAN DE TOVAR # 13, COL. CARROS CD SAHAGUN, TEPEAPULCO, HIDALGO, MEXICO, CP 43997",0,7751293417,1,,1,ernest47lagunas@yahoo.com.mx,1,XNS931,20172710,NO_INFO,,IFE ALLGJX47061016H900,10, ,20180112, , ,20172710,1,,ESP,1,0,0,0,0,0
I00944,ERIKA ISABEL RÍOS NAVARRETE,910,MEX,CIUDAD DE MEXICO,1,IZTAPALAPA,1,FRACC COLONIAL,1,"RAFAEL MARTINEZ 3 19, FRACC COLONIAL IZTAPALAPA, IZTAPALAPA, CIUDAD DE MEXICO",0,5215526928371,1,,1,eriqua@live.com.mx,1,RAI932,20172710,NO_INFO,,IFE RSNVER88051409M700,10,,20180112,,,20172710,1,,ESP,1,0,0,0,0,0
I00945,ANGEL TORRES CHAVEZ,910,MEX,CIUDAD DE MEXICO,1,TLALPAN,1,LOMAS DE PADIERNA,1,"BECAL MZ 14 LT 4 BOCHIL Y CACALCHEN, COL. LOMAS DE PADIERNA, TLALPAN, CIUDAD DE MEXICO CP 14240",0,5215516296293,1,,1,sanacionconarboles@gmail.com,1,NLT933,20172710,NO_INFO,,PASAPORTE MEX G03873056,10,,20180112,,,20172710,1,,ESP,1,0,1,0,0,0
I00946,GEORGINA BRASSEL MALDONADO,910,MEX,CIUDAD DE MEXICO,1,LA MAGDALENA CONTRERAS,1,SAN JERONIMO,1,"PRIV PROVIDENCIA 65 INT CASA 2, COL SAN JERONIMO LIDICE, LA MAGDALENA CONTRERAS, CIUDAD DE MEXICO CP 10200",0,5215514512495,1,,1,georginabrassel@hotmail.com,1,EGN934,20172710,NO_INFO,,IFE BRMLGR70031809M400,10,,20180112,,,20172710,1,,ESP,1,0,0,0,0,0
I00947,OLGA ROMERO TERRES,910,MEX,EDO. MEX.,1,HUIXQUILUCAN,1,FRACC PASEO DE LAS PALMAS,1,"PRIV VILLA VENDOME 9, FRACC. PASEO DE LAS PALMAS, HUIXQUILUCAN, ESTADO DE MEXICO CP 52787",0,5215541905635,1,,1,dedee_o@yahoo.com.mx,1,LXO935,20172710,NO_INFO,,IFE RMTROL65021209M301,10,,20180112,,,20172710,1,,ESP,1,0,1,0,0,0
I00948,JUANA ISABEL LUCIO SALAS,760,MEX,COAHUILA,1,SALTILLO,1,"FRACC. ACUEDUCTO, CP 25150",1,,0,8441451796,1,,1,administrativo@expocontacto.mx,1,UAI936,20172011,NO_INFO,,IFE LCSLJN77042905M200,10,,20190101,,,20172011,1,,ESP,1,0,0,0,0,0
I00949,TERESA ARACELY ELIZONDO ALVAREZ ,760,MEX,COAHUILA,1,SALTILLO,1,"LOS PINOS, CP 25157",1,,0,8441069653,1,,1,teresa.elizondo@qualos.com.mx,1,ESX937,20172011,NO_INFO,,INE ELALTR76062219M700,10, ,20190101, , ,20172011,1,,ESP,1,0,0,0,0,0
I00950,LAURA PATRICIA REYES HERRERA              ,760,MEX,COAHUILA,1,SALTILLO ORIENTE,1,"PRIV MORELOS, CP 25016",1,,0,8444550323,1,,1,lprherrera@hotmail.com,1,AAP938,20172011,NO_INFO,,IFE RYHRLR81101905M400,10,,20190101,,,20172011,1,,ESP,1,0,0,0,0,0
I00951,ELSA YOLANDA SILLER CEPEDA,760,MEX,COAHUILA,1,SALTILLO,1,"MURGIA BORDO DEL FF, CENTRO CIUDAD AGCIA PTE, CP 25000",1,,0,8444190299,1,,1,elsayolandasiller00@produgy.net.mx,1,LXO939,20172011,NO_INFO,,IFE SLCPEL71041605M300,10,,20190101,,,20172011,1,,ESP,1,0,0,0,0,0
I00952,GABRIEL PEREZ ESCAMILLA,760,MEX,SAN LUIS POTOSI,1,MATEHUALA,1,COL. LAS HADAS,1,"PROLONGACION XICOTENCATL 1109, COL, LAS HADAS, MATEHUALA, SAN LUIS POTOSI, CP 78783",0,4881114131,1,,1,gabriel.perez@nemisa.com.mx,1,AIL940,20172011,NO_INFO,,IFE PRESG877091724H400,10,,20190101,,,20172011,1,,ESP,1,0,0,0,0,0
I00953,CLAUDIA ERNESTINA PÉREZ VILLANUEVA,909,MEX,EDO. MEX.,1,ATIZAPAN DE ZARAGOZA,1,LAGO ESMERALDA,1,CALLE LAGO AZUL EDIF.2 DPTO 201 CONJUNTO HOLANDA,0,5527218449,1,,1,claus.perez@icloud.com,1,LDA941,20171211,NO_INFO,,INE 1627676173,10,,20190101,,,20171211,1,,ESP,1,0,0,0,0,0
I00954,TALYNA PÉREZ VILLANUEVA,909,MEX,EDO. MEX.,1,ATIZAPAN DE ZARAGOZA,1,BOSQUE ESMERALDA,1,"BOSQUE DE ARRAYAN, EDIFICIO 6, DPTO 302, MZ 5",0,5570519583,1,,1,talynaperez@gmail.com,1,ANX942,20171211,NO_INFO,,INE 1204006508,10,,20190101,,,20171211,1,,ESP,1,0,0,0,0,0
I00955,CLIO GUEVARA DEL PINO ,760,MEX,NUEVO LEON,1,SANTIAGO,1,COL. ZITOON YERBANIZ,1,"ALBINO MARTINEZ 511, COL. ZITOON YERBANIZ, SANTIAGO, NUEVO LEON, CP 67300",0, NO_INFO ,1,,1,NO_INFO,1,LXU943,20171412,NO_INFO,,CREDENCIAL PARA VOTAR IFE CLAVE DE ELECTOR No. GVPNCL59072419M900,10, ,20190103, , ,20171412,1,,ESP,1,1,1,1,0,0
I00956,ROSALBA ZAMUDIO MARTINEZ,760,MEX,VERACRUZ,1,VERACRUZ,1,COL. MIGUEL HIDALGO Y COSTILLA,1,"CIVISMO 1066, ENTRE OTHON Y ZAMORA, COL. MIGUEL HIDALGO Y COSTILLA, VERACRUZ, VERACRUZ, MEXICO, CP 91712",0, NO_INFO ,1,,1,NO_INFO,1,OLA944,20171412,NO_INFO,,CREDENCIAL PARA VOTAR INE CLAVE DE ELECTOR No. ZMMRRS59050630M500,10,,20190103,,,20171412,1,,ESP,1,1,1,1,1,0
I00957,ROSALBA CABRERA ZAMUDIO ,760,MEX,VERACRUZ,1,VERACRUZ,1,COL. MIGUEL HIDALGO Y COSTILLA,1,"CIVISMO 1066, ENTRE OTHON Y ZAMORA, COL. MIGUEL HIDALGO Y COSTILLA, VERACRUZ, VERACRUZ, MEXICO, CP 91712",0, NO_INFO ,1,,1,NO_INFO,1,OLA945,20171412,NO_INFO,,CREDENCIAL PARA VOTAR INE CLAVE DE ELECTOR No. CBZMRS88071730M100,10,,20190103,,,20171412,1,,ESP,1,1,1,1,1,0
I00958,BLANCA ESTHELA GALVAN REYNA,760,MEX,NUEVO LEON,1,SAN PEDRO GARZA GARCIA,1,COL. LOS SAUCES,1,"ABASOLO 405, COL. LOS SAUCES, SAN PEDRO GARZA GARCIA, NUEVO LEON, MEXICO, CP 66237",0, NO_INFO ,1,,1,NO_INFO,1,LCX946,20171412,NO_INFO,,CREDENCIAL PARA VOTAR INE CLAVE DE ELECTOR No. GLRYBL82020919M500,10,,20190103,,,20171412,1,,ESP,1,0,0,0,0,0
I00959,MARIA YOLPAKI FIGUEROA PORRAS,760,MEX,MORELIA,1,CUAUTLA,1,COL. EUSEBIO JAUREGUI,1,"AV. REVOLUCION 68, COL. EUSEBIO JAUREGUI, CUAUTLA, MORELIA, MEXICO, CP 62748",0, NO_INFO ,1,,1,NO_INFO,1,AAY947,20171412,NO_INFO,,CREDENCIAL PARA VOTAR INE CLAVE DE ELECTOR No. FGPRYL89050809M900,10,,20190103,,,20171412,1,,ESP,1,1,1,1,1,0
I00960,JUANA CORREA MARTINEZ,760,MEX,COAHUILA,1,TORREON,1,RESIDENCIAL SENDEROS,1,"CIRC. PASEO DEL SOL No. 78, CERRADAS DE ANDALUCIA, FRACC. RES, SENDEROS, TORREON, COAHUILA ",0, NO_INFO ,1,,1,NO_INFO,1,UAC948,20171412,NO_INFO,,CREDENCIAL PARA VOTAR IFE CLAVE DE ELECTOR No. CRMRJN63012619M201,10,,20190103,,,20171412,1,,ESP,1,0,0,0,0,0
I00961,EBERTO ANTONIO ROMERO GARCES,760,COL,BOGOTA,1,CUNDINAMARCA,1,LA CASTELLANA,1,"KR 47, CL 94 18 APTO 101, CASTELLANA, BOGOTA, CUNDINAMARCA, COLOMBIA",0, NO_INFO ,1,,1,NO_INFO,1,BTX949,20171412,NO_INFO,,PASAPORTE DE LA REPUBLICA DE COLOMBIA No AQ666820,10, ,20190103, , ,20171412,1,,ESP,1,1,1,1,0,0
I00962,CARLOS ALFREDO CERVANTES SAKAKI,760,MEX,JALISCO,1,OCOTLAN,1,COL. CENTRO,1,"ALVARO OBREGON 366, COL. CENTRO, OCOTLAN, JALISCO, MEXCIO, CP 47800",0, NO_INFO ,1,,1,NO_INFO,1,AOX950,20171412,NO_INFO,,CREDENCIAL PARA VOTAR IFE CLAVE DE ELECTOR No. CRSKCR75110414H100,10,,20190103,,,20171412,1,,ESP,1,1,1,1,0,0
I00963,LILIA OLIVIA SAKAKI CABRERA,760,MEX,JALISCO,1,OCOTLAN,1,COL. CENTRO,1,"ALVARO OBREGON 366, COL. CENTRO, OCOTLAN, JALISCO, MEXCIO, CP 47800",0, NO_INFO ,1,,1,NO_INFO,1,IAO951,20171412,NO_INFO,,CREDENCIAL PARA VOTAR IFE CLAVE DE ELECTOR No. SKCBLL52101126M300,10,,20190103,,,20171412,1,,ESP,1,1,1,1,0,0
I00964,ALFREDO CERVANTES FLORES,760,MEX,JALISCO,1,OCOTLAN,1,COL. CENTRO,1,"ALVARO OBREGON 366, COL. CENTRO, OCOTLAN, JALISCO, MEXCIO, CP 47800",0, NO_INFO ,1,,1,NO_INFO,1,LEO952,20171412,NO_INFO,,CREDENCIAL PARA VOTAR IFE CLAVE DE ELECTOR No. CRFLAL53012814H000,10,,20190103,,,20171412,1,,ESP,1,1,1,1,0,0
I00965,ARTURO EDUARDO GOMEZ NIETO,760,MEX,TAMAULIPAS,1,CIUDAD MADERO,1,COL. AMPL. UNIDAD NACIONAL,1,"SOR JUANA INES DE LA CRUZ 114, AMPL. UNIDAD NACIIONAL, CIUDAD MADERO, MEXICO, CP 89510",0, NO_INFO ,1,,1,NO_INFO,1,RRX953,20171412,NO_INFO,,CREDENCIAL PARA VOTAR IFE CLAVE DE ELECTOR No. GMNTAR60062009H300,10,,20190103,,,20171412,1,,ESP,1,1,1,1,0,0
I00966,CINDY CHAPARRO VILLARREAL,760,MEX,DURANGO,1,DURANGO,1,COL. BUROCRATA,1,"ECONOMIA 106, COL. BUROCRATA, DURANGO, DURANGO, MEXICO, CP 34279",0, NO_INFO ,1,,1,NO_INFO,1,IYC954,20171412,NO_INFO,,CREDENCIAL PARA VOTAR INE CLAVE DE ELECTOR No. CHVLCN85010410M100,10,,20190103,,,20171412,1,,ESP,1,1,0,1,0,0
I00967,ALMA DELIA LOVETT,760,USA,TEXAS,1,WATAUGA,1,TX 76137,1,"5428 ELK RIDGE DR, WATAUGA, TEXAS, E.E.U.U. 76137",0, NO_INFO ,1,,1,NO_INFO,1,LXE955,20171412,NO_INFO,,LICENCIA DE CONDUCIR DE TEXAS No. 40055590,10, ,20190103, , ,20171412,1,,ESP,1,1,1,1,1,0
I00968,ANA M CANO,760,USA,TEXAS,1,ARLINGTON,1,TX 76017,1,"1019 BREEZEWOOD DRIVE, ARLINGTON, TEXAS, E.E.U.U. 76017",0, NO_INFO ,1,,1,NO_INFO,1,NMC956,20171412,NO_INFO,,LICENCIA DE CONDUCIR DE TEXAS No. 19157873,10,,20190103,,,20171412,1,,ESP,1,1,1,1,1,0
I00969,LUIS ALEJANDRO MORQUECHO GARCIA,760,MEX,SAN LUIS POTOSI,1,SAN LUIS POTOSI,1,COL. LOMA VERDE ,1,"LOMA VERDE 613, COL. LOMA VERDE, SAL LUIS POTOSI, SAN LUIS POTOSI, MEXICO, CP 78214",0, NO_INFO ,1,,1,NO_INFO,1,UXL957,20171412,NO_INFO,,CREDENCIAL PARA VOTAR IFE CLAVE DE ELECTOR No. MRGRLS72062224H800,10,,20190103,,,20171412,1,,ESP,1,0,0,0,0,0
I00970,FERNANDO MANUEL CASTELLAR CHIARAVIGL,760,USA,FLORIDA,1,BAL. HARBOUR,1,,1,"10225 COLLINS AVE APT 603, BAL HARBOUR, FLORIDA, E.E.U.U. 33154",0, NO_INFO ,1,,1,NO_INFO,1,EAD958,20171412,NO_INFO,,LICENCIA DE CONDUCIR DE FLORIDA No. C234-253-66-201-0,10,,20190103,,,20171412,1,,ESP,1,0,1,1,0,0
I00971,YAZMIN NAVARRETE SANCHEZ,760,MEX,COAHUILA,1,TORREON,1,COL. CENTRO,1,"JAVIER MINA 357, NTE 6, COL. CENTRO, TORREON, COAHUILA, MEXICO, CP 27000",0, NO_INFO ,1,,1,NO_INFO,1,AIX959,20171412,NO_INFO,,CREDENCIAL PARA VOTAR INE CLAVE DE ELECTOR No. NVSNYZ72101305M500,10,,20190103,,,20171412,1,,ESP,1,0,1,1,0,0
