I00125,PALOMA NADIA PEÑA VILLARREAL        ,760,MEX,COAHUILA,1,SALTILLO,1, ,1,PEDRO FIGUEROA 907 SALTILLO COAHUILA   ,0,8441223866,1,,1,palomapv@hotmail.com,1,AMX345,20141511,NO_INFO,1000,,10,,20180106,,,20141511,1,,ESP,1,0,0,0,0,0
I00128,GABRIELA FRAGOSO ALVAREZ,760,MEX,COAHUILA,1,SALTILLO,1,"FRACC LAS HACIENDAS, CP 25069",1,"HACIENDA LOS TULIPANES NO. 136 LAS HACIENDAS, COAH.",0,8441226553,1,,1,couchgabyfragoso@gmail.com,1,AIL346,20151502,NO_INFO,1000,,10,,20180112, ,,20151502,1,,ESP,1,1,0,0,0,0
I00131,ALMA DELIA GARCIA,760,MEX,COAHUILA,1,MONCLOVA,1,COL. GUADALUPE,1,"CALLE SANTIAGO NO. 205, COL. GUADALUPE, MONCLOVA, COAH",0,8666320022,1,8661165324,1,alma-d-7@hotmail.com,1,LXE347,20141511,NO_INFO,1000,,10,,20180106,,,20141511,1,,ESP,1,0,0,0,0,0
I00132,ERICKA MARIBEL LARA FLORES,760,MEX,COAHUILA,1,SALTILLO,1,"PUERTA DEL REY, CP 25298",1,"CALLE 25#516, COL. MIRA SIERRA, SALTILLO, COAH.",0,8442746417,1,,1,ericka.lara@qualos.com.mx,1,RKX348,20141511,NO_INFO,1000,,10,,20180111, ,,20141511,1,,ESP,1,1,0,0,0,0
I00134,JORGE AMADOR ROMO,760,MEX,PUEBLA,1,NO_INFO,1,COL. HUMBOLDT,1,AVHUMBOLDT 108,0,2222368036,1,2222353434,1,jorgeama1@gmail.com,1,OEA349,20152005,NO_INFO,2000,,10, ,20190106, , ,20152005,1,,ESP,1,1,1,1,1,0
I00140,ADRIANA MURILLO AVILA,760,MEX,NUEVO LEON,1,NO_INFO,1,COL JERONIMO SILLER,1,MA DE LOS ANGELES #122-1 COL JERONIMO SILLER,0,8111690089,1,83780676,1,adri.mu@gmail.com,1,DAA350,20130505,NO_INFO,1000,,10,,20180110,,,20130505,1,,ESP,1,0,0,0,0,0
I00187,OBERTINA CHAVEZ BAILON,760,MEX,CHIHUAHUA,1,CD. JUAREZ,1,,1,,0, NO_INFO ,1,6566829734,1,telhma_franco@yahoo.com,1,BTN352,20131512,NO_INFO,,,10,,20190110,,,20131512,1,,ESP,1,0,0,0,0,0
I00189,LILIANA CONTRERAS SILVA ,910,MEX,D. F.,1,DELEG COYOACAN,1,COL. PARQUE SAN ANDRES,1,AMERICA # 65,0,62801954,1,5551082526,1,canonpagebel@yahoo.com.mx,1,IAA353,20151506,NO_INFO,2000,,10,,20190107, ,,20151506,1,,ESP,1,1,1,1,0,0
I00190,ROCIO GONZALEZ RAMIREZ,910,MEX,D. F.,1,IZTAPALAPA,1,PRESIDENTES DE MEXICO,1,,0,56428970,1,5532642839,1,yoveoconvisionextraocular@hotmail.com,1,OOG354,20151506,NO_INFO,,,10,,20190102,1000,,20151506,1,,ESP,1,1,1,1,0,0
I00201,TERESA CRUZ GUERRRERO,910,MEX,D. F.,1,XOCHIMILCO,1,JARDINES DEL SUR,1,,0,15092083,1,5544575229,1,terezuricatta@gmail.com,1,ESX356,20151508,NO_INFO, ,,10,,20190102,1000,,20151508,1,,ESP,1,0,0,0,0,0
I00203,LORENA GUTIERREZ BAEZ,910,MEX,QUINTANA ROO,1,NO_INFO,1,,1,PLAZA ATRIUM SMZ 19 LOCAL 304,0, NO_INFO ,1,9982604802,1,inlifecun@gmail.com,1,ONX357,20151508,NO_INFO,1000,,10,,20180111,,,20151508,1,,ESP,1,0,0,0,0,0
I00208,MARIA TERESA VAZQUEZ SANCHEZ,910,MEX,D. F.,1,MIGUEL HIDALGO,1,POPOTLA,1,,0, NO_INFO ,1,5522129284,1,mayte.v2509@hotmail.com,1,AAT360,20151508,NO_INFO,1000,,10,,20190102,1000,,20151508,1,,ESP,1,1,1,1,1,0
I00210,LETICIA DURAN BUSTILLOS,760,MEX,CHIHUAHUA,1,CHIHUAHUA,1,COL. OBRERA,1,CALLE 23 #2601,0, NO_INFO ,1,6141412349,1,letyduran65@yahoo.com,1,ECA362,20142212,NO_INFO,1000,,10,,20190106,1000,,20142212,1,,ESP,1,0,0,1,0,0
I00211,CHRISTIAN YORDANA MACIAS DURAN,906,MEX,CHIHUAHUA,1,CHIHUAHUA,1,COL. OBRERA,1,CALLE 23 #2601,0, NO_INFO ,1,6141234813,1,zuco_31@hotmail.com,1,HSI363,20151403,NO_INFO,1000,,10,,20190106,1000,,20151403,1,,ESP,1,0,0,1,0,0
I00213,YERETZADE A. MARQUEZ RIOS,760,MEX,EDO. DE MEXICO ,1,HUIXQUILUCAN,1,INTERLOMAS,1,,0, NO_INFO ,1,445514836193,1,yere2000@yahoo.com,1,ETA364,20152108,NO_INFO,1000,,10,,20180110,,,20152108,1,,ESP,1,0,0,0,0,0
I00218,YOLANDA JUAREZ MUÑOZ,760,MEX,CHIHUAHUA,1,CHIHUAHUA,1,COL. LOMAS DEL SOL,1,CEBU 7729,0,6141950332,1,4171322,1,yolojua@hotmail.com,1,ONA365,20141509,NO_INFO,1000,,10,,20190107,,,20141509,1,,ESP,1,1,1,1,1,0
I00224,WENDY SAMANTHA RODRIGUEZ VELAZQUEZ,760,MEX,NUEVO LEON,1,MONTERREY,1,COL. CONTRY,1,AVE. REVOLUCION 3985 L-29,0,8112764550,1,,1,veo_mty@hotmail.com,1,EYS367,20150510,NO_INFO,,,10, ,20200111, , ,20150510,1,,ESP,1,1,1,1,0,0
I00225,CLAUDIA SAMANTA ULLOA ZUÑIGA,760,MEX,NUEVO LEON,1,MONTERREY,1,COL. BOSQUES DE LAS CUMBRES,1,PAMPLONA 219,0,11044916,1,8183665034,1,claudia_s_ulloa@hotmail.com,1,LDA368,20150510,NO_INFO,1000,,10,,20180108,1000,,20150510,1,,ESP,1,0,1,1,0,0
I00243,BRENDA IVONNE VELEZ RODRIGUEZ,760,MEX,CHIHUAHUA,1,HIDALGO DEL PARRAL,1,COL. CENTRO,1,CALLE DEL RAYO 85,0,6271044039,1,,1,brenda_velezr@yahoo.com.mx,1,RDX370,20172905,NO_INFO,,,10,,20190105,1000,,20172905,1,,ESP,1,0,0,0,0,0
I00245,CLARA OFELIA HOYOS LOPEZ,906,CAN,CANTLEY ,1,QUEBEC J8V 3 K8,1,1346 MONTEC DE LA SOURCE,1,,0, NO_INFO ,1,18194311346,1,clarahoyos5@gmail.com,1,LAO371,20150910,NO_INFO,,,10,,20150110,,,20150910,1,,ESP,1,0,0,0,0,0
I00246,MARIEL ASTRID ROMERO MONROY,760,MEX,HIDALGO,1,PACHUCA,1,COL. PLUTARCO ELÍAS CALLES,1,ANDADOR 2 MANZANA I#217 LOTE 38. COL. PLUTARCO ELÍAS CALLES. PACHUCA HIDALGO,0, NO_INFO ,1,17711292947,1,mariel_as_romo@yahoo.com.mx,1,AEX372,20152711,NO_INFO,1000,,10,,20180107,,,20152711,1,,ESP,1,0,1,0,0,0
I00247,MARGARITA VAZQUEZ PEDRAZA,760,MEX,CIUDAD DE MEXICO,1,DEL TLALPAN,1,ALGODONALES 62 CASA 6 EXHACIENDA COAPA. TLALPAN DF,1,,0, NO_INFO ,1,5534694587,1,angelmagico777@hotmail.com,1,AAI373,20152711,NO_INFO,,,10, ,20180106, , ,20152711,1,,ESP,1,1,1,1,0,0
I00248,GASTON FRANCISCO LOPEZ GARCIA,760,MEX,CIUDAD DE MEXICO,1,IZTAPALAPA,1,C-3 RAFAEL QUINTERO #26 UNIDAD VICENTE GUERRERO,1,,0, NO_INFO ,1,5525692920,1,dantessj42015@gmail.com,1,AOX374,20152711,NO_INFO,1000,,10,,20180107,,,20152711,1,,ESP,1,0,1,1,0,0
I00255,LAURA FERNANDEZ GUZMAN,760,MEX,CIUDAD DE MEXICO,1,CUAHUTEMOC,1,COL. SANTA MARÍA LA RIBERA,1,AVE. RICARDO FLORES MAGON #319 INT. 202 COL. SANTA MARÍA LA RIBERA DEL. CUAHUTEMOC MEX DF,0, NO_INFO ,1,5511518712,1,laupsiclinica@gmail.com,1,AAF375,20152711,NO_INFO,1000,,10,,20180110,,,20152711,1,,ESP,1,0,0,0,0,0
I00257,ADRIANA LORENZANA CUELLAR,760,MEX,EDO. DE MEXICO ,1,CUAUTITLAN IZCALLI,1,COL. ATLANTA,1,CALLE BOREALL #14 COL. ATLANTA CUAUTITLAN IZCALLI EDO. DE MEXICO,0, NO_INFO ,1,5560338668,1,more_benarm@hotmail.com,1,DAA376,20152711,NO_INFO,1000,,10,,20180107,,,20152711,1,,ESP,1,0,1,1,0,0
I00258,DIANA ERIKA CONTRERAS TAMAYO,760,MEX,CIUDAD DE MEXICO,1,BENITO JUAREZ,1,COL. DEL VALLE/COYOACAN,1,"SAN FRANCISCO 1845 CONSULTORIO 3, COL. DEL VALLE",0, NO_INFO ,1,5523367658,1,diana.contreras.tamayo@gmail.com,1,IAE377,20152711,NO_INFO,1000,,10,,20180106,,,20152711,1,,ESP,1,1,1,1,0,0
I00259,MIGUEL ANGEL QUIROZ DIAZ,760,MEX,NUEVO LEON,1,GUADALUPE,1,COL. PARAÍSO,1,"MAZATLAN 106 PTE. COL. PARAÍSO, GPE. NL",0,8116456501,1,8110210781,1,miguel_quiroz_67@yahoo.com,1,IEX378,20151412,NO_INFO,1000,,10,,20180107,,,20151412,1,,ESP,1,1,0,1,0,0
I00262,MARIA SONIA AGUILAR JIMENEZ,760,MEX,PUEBLA,1,PUEBLA,1,,1,,0, NO_INFO ,1,2226152503,1,ikupuebla2008@hotmail.com,1,AAS379,20152812,NO_INFO,1000,,10, ,20180108, , ,20152812,1,,ESP,1,1,0,0,0,0
I00264,MARIA CRISTINA CALDERON FERNANDEZ,907,MEX,CIUDAD DE MEXICO,1,COYOACAN,1,COL. ROMERO DE TERREROS,1,,0, NO_INFO ,1,5523855482,1,crisitiicalderon87@gmail.com,1,AAC380,20150911,NO_INFO,1000,,10,,20180107,,,20150911,1,,ESP,1,1,0,0,0,0
I00276,ROSA MARGARITA GARCIA CULEBRO,910,MEX,CIUDAD DE MEXICO,1,COYOACAN,1,SANTA CECILIA,1,,0, NO_INFO ,1,5517052652,1,rosamargaritagc@hotmail.com,1,OXA391,20162901,NO_INFO,,,10, ,20190106, , ,20162901,1,,ESP,1,1,1,1,0,0
I00278,LIZETH MONSERRAT RODRIGUEZ GARCIA ,910,MEX,CIUDAD DE MEXICO,1,ALVARO OBREGONN,1,MERCED GOMEZ,1,,0, NO_INFO ,1,5531186056,1,lizetterapeuta@gmail.com,1,ITX393,20162901,NO_INFO,1000,,10,,20190102,,,20162901,1,,ESP,1,0,0,0,0,0
I00280,JOSE MANUEL OSNAYA ORDOÑEZ,910,MEX,EDO. DE MEXICO ,1,CHALCO,1,VILLAS DE SAN MARTÍN,1,,0, NO_INFO ,1,5514782770,1,jose_osnaya@hotmail.com,1,OXA395,20162901,NO_INFO,,,10,,20190105,1000,,20162901,1,,ESP,1,1,1,1,0,0
I00282,DIOCELINA ESTUDILLO ABAD,713,MEX,SILAO/GTO,1,NO_INFO,1,"LAS CRUCES, SILAO/MARFIL,GTO",1,"CALLE SAN GABRIEL #13, FRACC. LAS CRUCES, SILAO/CENTRO COMERCIAL VILLAS MANCHEGAS LOCAL #13. MARFIL, GTO",0,4727484692,1,4721012405,1,diosemex@yahoo.com,1,IEI397,20160105,NO_INFO,1000,,10, ,20180106, , ,20160105,1,,ESP,1,1,1,1,0,0
I00283,ADRIANA VELASCO QUINTANA,907,MEX,EDO DE MEXICO,1,TLALNEPANTLA,1,JARDINES DE BELLAVISTA,1,,0, NO_INFO ,1,5554546209,1,adrivelasco19@yahoo.com.mx,1,DAA398,20161402,NO_INFO,1000,,10,,20180103,,,20161402,1,,ESP,1,0,0,0,0,0
I00290,CLAUDIA OCADIZ,760,MEX,EDO DE MEXICO,1,NAUCALPAN/SATELITE STA CRUZ DEL MONTE,1,FRACC. BUGAMBILIAS,1,"CALLE CRUZ DE CRISTO #10, CASA 11 MZ 24",0, NO_INFO ,1,5527568487,1,ocadizclau90@gmail.com,1,LDA399,20161402,NO_INFO,1000,,10,,20180106,,,20161402,1,,ESP,1,0,1,1,0,0
I00307,NATLLELY SADWZ MENDOZA LOPEZ,910,MEX,DISTRITO FEDERAL,1,GUSTAVO A. MADERO,1,NUEVA VALLEJO,1,,0,5521070757,1,,1,infanciaendesarrollo@gmail.com,1,ALL403,20161803,NO_INFO,1000,,10, ,20190104, , ,20161803,1,,ESP,1,1,1,1,0,0
I00314,KATYA EUGENIA BORYS PEREDO,910,MEX,DISTRITO FEDERAL,1,COYOACAN,1,SAN FRANCISCO CULHUACAN,1,,0,5523139097,1,,1,katyaborys@hotmail.com,1,AAE410,20161803,NO_INFO,,,10,,20190102,1000,,20161803,1,,ESP,1,1,1,1,0,0
I00322,GRACIELA LORENA MAYORGA MARTINEZ,908,MEX,CHIHUAHUA,1,CIUDAD JUAREZ,1,FRACC. QUINTA ESMERALDA,1,PASEO TURQUESA #9005,0,6561581497,1,,1,mayorgagracy@gmail.com,1,RIL414,20151512,NO_INFO,1000,,10,,20180103,,,20151512,1,,ESP,1,0,0,0,0,0
I00324,GUILLERMO HARDY RODRIGUEZ CORONA,908,MEX,CHIHUAHUA,1,CIUDAD JUAREZ,1,COL. EL BARREAL,1,PERU #522 SUR,0,6566456839,1,,1,grhacor@gmail.com,1,ULR415,20151512,NO_INFO,1000,,10, ,20190102, , ,20151512,1,,ESP,1,0,0,0,0,0
I00330,ERASTO CORTES QUINTERO,760,MEX,VERACRUZ,1,CORDOBA,1,UNIDAD CORDOBA,1,CALLE NICOLAS BRACO 4103,0,2711238196,1,,1,eco64_ee@hotmail.com,1,RTX417,20160205,NO_INFO,1000,,10,,20180107, ,,20160205,1,,ESP,1,0,1,1,0,0
I00331,VANESSA SALIDO CARRILLO,760,MEX,SAN LUIS POTOSÍ,1,SAN LUIS POTOSÍ,1,FRACC. VILLANTIGUA,1,"VILLA DEL CONDE RAZO 1098, FRACC. VILLANTIGUA 1098",0,4442045679,1,,1,vannestena@hotmail.com,1,ASA418,20160205,NO_INFO,1000,,10,,20180106, ,,20160205,1,,ESP,1,1,1,1,0,0
I00335,MARIO ISIDRO HERNANDEZ CHARRAGA,760,SWE,GOTEBORG,1,NO_INFO,1,,1,"KUNGSLADUGARDS 98, 41476 GOTEBORG, SUECIA",0,46734488891,1,,1,mario.hernandez@telia.com,1,AOI419,20160905,NO_INFO,,,10,,20170106,,,20160905,1,,ESP,1,0,0,0,0,0
I00337,MA DEL CARMEN JURADO SUAREZ,760,MEX,EDO DE MEXICO,1,METEPEC ,1,FRACC. VILLAS DEL SOL EN SAN LORENZO ,1,JUAREZ #107 INT JUAREZ #72 FRACC. VILLAS DEL SOL EN SAN LORENZO COACCALCO METEPEC,0,7223501553,1,,1,carmen@timmler.org,1,AEX420,20160905,NO_INFO,1000,,10,,20180106, ,,20160905,1,,ESP,1,1,0,1,1,0
I00338,GABRIELA CAZARES,760,USA,TEXAS,1,DALLAS,1,75229,1,3136 WOODWIND,0,2147276926,1,,1,tf11112014@gmail.com,1,AIL421,20162504,NO_INFO,,,10, ,20170105, , ,20162504,1,,ESP,1,0,0,0,0,0
I00339,ANABEL TORRES,760,USA,OKLAHOMA,1,JENKS,1,74037,1,542 E F ST ,0,2142073731,1,,1,torresibo@yahoo.com,1,NEX422,20162504,NO_INFO,,,10,,20170105,,,20162504,1,,ESP,1,0,0,0,0,0
I00340,VERONICA MOLINA,760,USA,TEXAS,1,WEATHERFORD,1,76088,1,104 MICHAEL LN WEATHERFORD ,0,8173742728,1,,1,veronicacobos39@yahoo.com,1,ENC423,20162504,NO_INFO, ,,10,,20170105,,,20162504,1,,ESP,1,0,0,0,0,0
I00341,LUZ MENDOZA BARBARINI,907,MEX,COAHUILA / CHIHUAHUA,1,TORREON / PARRAL,1,,1,,0,6275220227,1,8712214583,1,luz.lucero31@yahoo.com.mx,1,UMN424,20162204,NO_INFO,1000,,10,,20180105,,,20162204,1,,ESP,1,1,1,0,1,0
I00345,TERESA PATIÑO GOMEZ,910,MEX,TABASCO,1,VILLA HERMOSA,1,COL. JOSE NARCISO RUBIROSA,1,AVE. GREGORIO MENDEZ #2111 ALTOS.,0,9931779572,1,,1,coetabasco@hotmail.com,1,ESX425,20162904,NO_INFO,,,10,,20170105,,,20162904,1,,ESP,1,1,0,0,0,0
I00346,MARINA ELIZABETH CARDOSO CEBALLOS,910,MEX,GUANAJUATO,1,IRAPUATO,1,IRAPUATO,1,,0,4622225894,1,,1,marinalizi@hotmail.com,1,ANX426,20162904,NO_INFO,,,10,,20170105,,,20162904,1,,ESP,1,0,0,0,0,0
I00347,ARMANDO NAVARRO VELASCO,910,MEX,GUADALAJARA,1,JALISCO,1,CENTRO,1,,0,3777733563,1,,1,armando_nave@hotmail.com,1,RNO427,20162904,NO_INFO,,,10, ,20170105, , ,20162904,1,,ESP,1,0,0,0,0,0
